,Planet_Mass,Epsilon,Alpha,Stokes,Aspect_Ratio,SigmaSlope,Dust_gap_1,Gas_gap_1,Dust_depth_1,Gas_depth_1,Dust_gap_2,Dust_depth_2,#_DG,#_GG
0,43.66666666666667,0.0589,0.0017399999999999998,0.00112,0.0593,0.971,0.345,0.0,1.69e-06,0.0,0.0,0.0,1.0,0.0
1,102.99999999999999,0.0558,0.0046700000000000005,0.0863,0.0452,0.946,0.845,0.34,1.0299999999999999e-30,2.05e-05,0.0,0.0,1.0,1.0
2,16.633333333333333,0.0691,0.009890000000000001,0.042,0.0392,0.5379999999999999,0.07400000000000001,0.0,2.28e-07,0.0,0.0,0.0,1.0,0.0
3,38.0,0.0762,0.006940000000000001,0.0524,0.0263,1.31,0.718,0.185,1.21e-14,2.52e-05,0.0,0.0,1.0,1.0
4,75.66666666666666,0.0219,0.00151,0.0684,0.0508,1.29,0.878,0.308,5.37e-39,2.2e-05,0.0,0.0,1.0,1.0
5,99.66666666666667,0.0814,0.0035600000000000002,0.0259,0.0798,0.71,0.705,0.0,9.41e-08,0.0,0.0,0.0,1.0,0.0
6,61.33333333333333,0.0517,0.00421,0.0878,0.0445,1.3,0.804,0.23,1.6400000000000001e-28,3.46e-05,0.0,0.0,1.0,1.0
7,26.43333333333333,0.064,0.00583,0.0331,0.0496,0.993,0.078,0.0,2.95e-07,0.0,0.0,0.0,1.0,0.0
8,21.866666666666664,0.0837,0.000772,0.0848,0.0633,0.904,0.369,0.0,3.35e-06,0.0,0.0,0.0,1.0,0.0
9,35.66666666666667,0.0991,0.000129,0.0808,0.0665,0.8009999999999999,0.8240000000000001,0.496,5.8799999999999995e-09,3.0799999999999996e-05,0.021,3.01e-06,2.0,1.0
10,119.0,0.025,0.00213,0.0777,0.0298,0.99,0.5539999999999999,0.431,9.99e-10,3.33e-07,0.39399999999999996,9.43e-10,2.0,1.0
11,16.266666666666666,0.0519,0.00618,0.0912,0.0288,1.22,0.693,0.0,9.2e-16,0.0,0.0,0.0,1.0,0.0
12,33.233333333333334,0.0669,0.00632,0.052,0.0324,1.27,0.718,0.131,1.99e-14,4.35e-05,0.0,0.0,1.0,1.0
13,76.33333333333333,0.0343,0.009059999999999999,0.0231,0.0559,0.5870000000000001,0.6809999999999999,0.0,2.43e-09,0.0,0.0,0.0,1.0,0.0
14,117.33333333333333,0.0404,0.0018100000000000002,0.0648,0.0718,0.88,0.935,0.345,4.91e-25,3.6e-05,0.0,0.0,1.0,1.0
15,103.66666666666666,0.0427,0.00746,0.0595,0.048,1.27,0.7829999999999999,0.23399999999999999,1.4699999999999999e-18,3.75e-05,0.0,0.0,1.0,1.0
16,88.66666666666667,0.0685,0.00367,0.0633,0.0257,1.22,0.5539999999999999,0.336,4.13e-09,9.2e-07,0.271,4.49e-09,2.0,1.0
17,103.66666666666666,0.0856,0.00495,0.0136,0.0567,1.26,0.722,0.23,3.57e-10,4.1e-05,0.0,0.0,1.0,1.0
18,64.66666666666667,0.0826,0.004520000000000001,0.0727,0.0511,0.603,0.7959999999999999,0.19699999999999998,1.0500000000000001e-20,4.28e-05,0.0,0.0,1.0,1.0
19,113.33333333333331,0.0884,0.006220000000000001,0.0714,0.0303,0.589,0.8240000000000001,0.349,4.0499999999999996e-20,4.03e-06,0.0,0.0,1.0,1.0
20,116.99999999999999,0.0743,0.0012699999999999999,0.0994,0.0461,1.1,0.9470000000000001,0.488,3.8000000000000003e-25,4.47e-06,0.0,0.0,1.0,1.0
21,68.0,0.0121,0.00106,0.0368,0.0252,1.1,0.431,0.34,1.4099999999999999e-09,1.35e-07,0.353,7.2e-10,2.0,1.0
22,42.0,0.0347,0.000376,0.0883,0.0635,1.46,0.87,0.316,1.02e-56,3.43e-05,0.0,0.0,1.0,1.0
23,77.66666666666666,0.0338,0.000607,0.0316,0.0369,0.784,0.5539999999999999,0.34,6.77e-09,1.82e-06,0.275,6.3e-09,2.0,1.0
24,86.33333333333333,0.0999,0.000863,0.0245,0.0978,1.04,0.664,0.0,2.47e-06,0.0,0.0,0.0,1.0,0.0
25,69.33333333333334,0.0166,0.00842,0.0504,0.0632,0.598,0.111,0.0,9.77e-08,0.0,0.0,0.0,1.0,0.0
26,15.333333333333332,0.0525,0.00836,0.0351,0.0343,0.631,0.632,0.0,8.7e-09,0.0,0.0,0.0,1.0,0.0
27,89.66666666666666,0.0602,0.0011,0.0382,0.0734,1.05,0.804,0.316,1.9e-14,3.9200000000000004e-05,0.025,1.75e-06,2.0,1.0
28,62.666666666666664,0.0889,0.00264,0.0392,0.0395,1.41,0.8079999999999999,0.271,2.19e-20,1.9e-05,0.0,0.0,1.0,1.0
29,49.99999999999999,0.0523,0.00663,0.0273,0.0447,0.669,0.71,0.0,5.5700000000000005e-11,0.0,0.0,0.0,1.0,0.0
30,111.99999999999999,0.0665,0.00659,0.0443,0.0669,1.49,0.746,0.0,9.31e-08,0.0,0.0,0.0,1.0,0.0
31,98.0,0.0249,0.007679999999999999,0.092,0.0655,1.01,0.73,0.0,7.190000000000001e-09,0.0,0.0,0.0,1.0,0.0
32,37.666666666666664,0.0723,0.00502,0.0227,0.03,0.628,0.718,0.185,7.55e-12,2.9600000000000005e-05,0.0,0.0,1.0,1.0
33,91.0,0.094,0.00227,0.0759,0.0345,1.28,0.865,0.369,1.1699999999999999e-09,3.54e-06,0.0,0.0,1.0,1.0
34,110.33333333333334,0.0631,0.00949,0.0311,0.0672,1.36,0.685,0.0,2.18e-08,0.0,0.0,0.0,1.0,0.0
35,71.66666666666666,0.0407,0.0012,0.0589,0.0567,0.557,0.8859999999999999,0.32,9.3e-30,2.7300000000000003e-05,0.0,0.0,1.0,1.0
36,87.33333333333334,0.079,0.00126,0.0161,0.0595,1.14,0.8290000000000001,0.324,7.22e-14,2.75e-05,0.0,0.0,1.0,1.0
37,117.99999999999999,0.0634,0.0086,0.0493,0.0618,0.62,0.677,0.0,2.02e-08,0.0,0.0,0.0,1.0,0.0
38,73.33333333333333,0.0875,0.001,0.0708,0.0936,0.769,0.669,0.0,3.06e-06,0.0,0.0,0.0,1.0,0.0
39,16.366666666666667,0.0973,0.006509999999999999,0.0293,0.0447,1.03,0.057,0.0,5.88e-07,0.0,0.0,0.0,1.0,0.0
40,74.66666666666667,0.0829,0.00975,0.0526,0.066,1.45,0.115,0.0,4.8e-07,0.0,0.0,0.0,1.0,0.0
41,98.0,0.0305,0.00557,0.0976,0.0251,0.823,0.833,0.336,2.42e-10,1.27e-06,0.0,0.0,1.0,1.0
42,36.666666666666664,0.0568,0.008579999999999999,0.0103,0.0575,0.731,0.066,0.0,1.71e-06,0.0,0.0,0.0,1.0,0.0
43,74.33333333333333,0.0614,0.00848,0.0463,0.0547,0.977,0.71,0.0,8.61e-09,0.0,0.0,0.0,1.0,0.0
44,83.00000000000001,0.0167,0.00851,0.0995,0.0379,0.851,0.7709999999999999,0.23399999999999999,6.909999999999999e-23,3.12e-05,0.0,0.0,1.0,1.0
45,106.00000000000001,0.0303,0.00433,0.0179,0.0835,1.08,0.10300000000000001,0.0,2.7100000000000003e-07,0.0,0.0,0.0,1.0,0.0
46,44.333333333333336,0.0539,0.0036299999999999995,0.0569,0.0478,1.32,0.73,0.0,8.46e-18,0.0,0.021,1.85e-06,2.0,0.0
47,75.66666666666666,0.0224,0.00698,0.0269,0.0695,0.6809999999999999,0.10300000000000001,0.0,1.43e-07,0.0,0.0,0.0,1.0,0.0
48,39.33333333333333,0.0408,0.0051600000000000005,0.0529,0.0457,0.618,0.73,0.0,5.01e-15,0.0,0.0,0.0,1.0,0.0
49,95.33333333333333,0.0922,0.00541,0.0955,0.059,1.5,0.833,0.304,3.0799999999999997e-24,3.69e-05,0.0,0.0,1.0,1.0
50,57.333333333333336,0.0794,0.00406,0.0513,0.0508,1.45,0.722,0.156,1.01e-16,4.49e-05,0.0,0.0,1.0,1.0
51,59.33333333333333,0.0961,0.00335,0.0709,0.0599,0.539,0.722,0.0,1.3699999999999998e-09,0.0,0.0,0.0,1.0,0.0
52,81.66666666666666,0.0949,0.006679999999999999,0.0969,0.0637,1.37,0.759,0.0,6.97e-08,0.0,0.0,0.0,1.0,0.0
53,87.66666666666666,0.0278,0.00519,0.0644,0.0512,1.04,0.8,0.213,3.38e-23,4.05e-05,0.0,0.0,1.0,1.0
54,117.99999999999999,0.0908,0.0015300000000000001,0.0114,0.0658,0.695,0.8859999999999999,0.349,1.24e-11,2.8600000000000004e-05,0.0,0.0,1.0,1.0
55,12.7,0.0306,0.0049299999999999995,0.041,0.036,0.878,0.632,0.0,1.1299999999999999e-08,0.0,0.0,0.0,1.0,0.0
56,117.33333333333333,0.0708,0.0006320000000000001,0.059,0.0892,0.815,0.861,0.525,1.58e-26,3.2e-05,0.07,1.43e-06,2.0,1.0
57,76.66666666666666,0.0307,0.00173,0.00409,0.0742,1.21,0.669,0.0,5.21e-07,0.0,0.0,0.0,1.0,0.0
58,92.0,0.0834,0.00585,0.0464,0.0397,1.02,0.792,0.287,7.39e-18,2.17e-05,0.0,0.0,1.0,1.0
59,84.99999999999999,0.0495,0.00528,0.0026100000000000003,0.0284,0.57,0.496,0.295,5.61e-09,4.84e-06,0.0,0.0,1.0,1.0
60,39.666666666666664,0.0627,0.0033399999999999997,0.0336,0.0398,1.4,0.7509999999999999,0.172,1.0599999999999999e-15,3.97e-05,0.0,0.0,1.0,1.0
61,107.66666666666666,0.0727,0.00913,0.0962,0.0639,1.47,0.7509999999999999,0.0,2.84e-08,0.0,0.0,0.0,1.0,0.0
62,57.666666666666664,0.016,0.00928,0.0634,0.0278,0.515,0.73,0.217,9.159999999999999e-17,2.23e-05,0.0,0.0,1.0,1.0
63,52.0,0.0514,0.008020000000000001,0.0373,0.0278,1.5,0.718,0.209,7.04e-13,2.22e-05,0.0,0.0,1.0,1.0
64,78.33333333333334,0.0318,0.0015,0.0306,0.0745,1.27,0.7340000000000001,0.0,1.84e-09,0.0,0.0,0.0,1.0,0.0
65,47.33333333333333,0.0574,0.00809,0.0877,0.0539,0.858,0.677,0.0,3.49e-08,0.0,0.0,0.0,1.0,0.0
66,63.33333333333333,0.0964,0.000294,0.0508,0.0477,0.534,0.8740000000000001,0.349,7.59e-09,6.95e-06,0.0,0.0,1.0,1.0
67,88.0,0.0437,0.006790000000000001,0.0519,0.0306,1.24,0.775,0.287,5.3900000000000006e-18,1.01e-05,0.0,0.0,1.0,1.0
68,54.33333333333332,0.093,0.0050100000000000006,0.0413,0.0253,1.43,0.742,0.24600000000000002,4.09e-15,7.16e-06,0.0,0.0,1.0,1.0
69,92.66666666666666,0.0561,0.00193,0.0517,0.0803,0.915,0.8740000000000001,0.0,9.08e-08,0.0,0.0,0.0,1.0,0.0
70,90.66666666666666,0.0241,0.0099,0.009290000000000001,0.065,1.09,0.131,0.0,2.77e-07,0.0,0.0,0.0,1.0,0.0
71,64.33333333333333,0.0268,0.00307,0.0374,0.0305,1.37,0.7829999999999999,0.271,1.7100000000000001e-18,7.32e-06,0.0,0.0,1.0,1.0
72,114.0,0.0663,0.0017800000000000001,0.0718,0.0958,1.03,0.775,0.0,9.38e-07,0.0,0.0,0.0,1.0,0.0
73,109.33333333333333,0.0225,0.00778,0.0397,0.0258,1.34,0.775,0.32799999999999996,4.79e-15,2.39e-06,0.0,0.0,1.0,1.0
74,14.2,0.0776,0.0038200000000000005,0.0963,0.0315,1.38,0.705,0.0,8.2e-20,0.0,0.0,0.0,1.0,0.0
75,82.0,0.0272,0.00999,0.0392,0.042,0.586,0.7340000000000001,0.16399999999999998,2.06e-12,4.44e-05,0.0,0.0,1.0,1.0
76,68.33333333333333,0.0573,0.00533,0.0785,0.0693,1.36,0.08199999999999999,0.0,1.01e-06,0.0,0.0,0.0,1.0,0.0
77,62.99999999999999,0.037,0.00923,0.0108,0.0715,1.22,0.057,0.0,1.27e-06,0.0,0.0,0.0,1.0,0.0
78,71.0,0.0405,0.0028899999999999998,0.0956,0.0351,1.05,0.8240000000000001,0.299,2.86e-37,1.0199999999999999e-05,0.0,0.0,1.0,1.0
79,52.33333333333333,0.0328,0.00121,0.0793,0.0504,0.602,0.853,0.275,4.82e-38,2.9100000000000003e-05,0.0,0.0,1.0,1.0
80,114.66666666666667,0.0828,0.007690000000000001,0.0632,0.089,0.802,0.07400000000000001,0.0,1.92e-06,0.0,0.0,0.0,1.0,0.0
81,110.66666666666666,0.0603,0.0034,0.0223,0.0455,0.659,0.82,0.32799999999999996,1.2e-15,1.7e-05,0.0,0.0,1.0,1.0
82,16.433333333333334,0.0517,0.0043100000000000005,0.0822,0.0289,0.6779999999999999,0.705,0.0,1.38e-19,0.0,0.0,0.0,1.0,0.0
83,64.33333333333333,0.0247,0.00773,0.0211,0.0553,1.3,0.652,0.0,2.06e-08,0.0,0.0,0.0,1.0,0.0
84,92.66666666666666,0.0394,0.00436,0.0566,0.0657,1.37,0.6559999999999999,0.0,5.86e-08,0.0,0.0,0.0,1.0,0.0
85,75.66666666666666,0.0958,0.00229,0.00599,0.0713,0.682,0.7140000000000001,0.0,3.5799999999999995e-07,0.0,0.0,0.0,1.0,0.0
86,105.66666666666667,0.0677,0.0051,0.0372,0.0318,0.7859999999999999,0.8079999999999999,0.332,3.81e-17,5.1e-06,0.0,0.0,1.0,1.0
87,56.66666666666666,0.0934,0.00448,0.038,0.0372,0.72,0.767,0.23399999999999999,1.71e-16,2.75e-05,0.0,0.0,1.0,1.0
88,24.833333333333332,0.0174,0.00399,0.0114,0.0262,0.747,0.525,0.152,1.5800000000000002e-10,2.97e-05,0.0,0.0,1.0,1.0
89,98.33333333333334,0.0446,0.0042899999999999995,0.0498,0.0783,0.915,0.6559999999999999,0.0,1.73e-07,0.0,0.0,0.0,1.0,0.0
90,105.0,0.0553,0.00475,0.0768,0.0401,1.36,0.833,0.353,7.97e-27,1.3800000000000002e-05,0.0,0.0,1.0,1.0
91,35.0,0.0613,0.0058,0.0814,0.0562,0.525,0.07,0.0,1.07e-06,0.0,0.0,0.0,1.0,0.0
92,70.66666666666667,0.0615,0.009470000000000001,0.065,0.0286,1.49,0.7509999999999999,0.25,2.84e-16,1.6800000000000002e-05,0.0,0.0,1.0,1.0
93,102.33333333333333,0.0458,0.0020800000000000003,0.0124,0.0601,0.679,0.8370000000000001,0.299,6.2599999999999996e-12,3.229999999999999e-05,0.0,0.0,1.0,1.0
94,111.33333333333333,0.087,0.000368,0.077,0.0737,0.547,0.894,0.669,6.4e-45,1.3000000000000001e-05,0.016,3.29e-06,2.0,1.0
95,81.33333333333333,0.0858,0.0024,0.0284,0.0436,0.836,0.8240000000000001,0.308,1.78e-18,1.6800000000000002e-05,0.0,0.0,1.0,1.0
96,32.03333333333333,0.0262,0.00358,0.0111,0.0536,0.6859999999999999,0.07400000000000001,0.0,3.07e-07,0.0,0.0,0.0,1.0,0.0
97,107.0,0.0337,0.00373,0.0889,0.0748,0.53,0.763,0.0,1.1499999999999999e-08,0.0,0.0,0.0,1.0,0.0
98,101.33333333333334,0.0932,0.00352,0.00434,0.0568,0.905,0.738,0.258,1.62e-08,3.69e-05,0.0,0.0,1.0,1.0
99,74.66666666666667,0.0673,0.00247,0.0178,0.0468,1.2,0.8,0.271,4.3e-14,2.5300000000000002e-05,0.0,0.0,1.0,1.0
100,62.666666666666664,0.0895,0.00625,0.0936,0.0533,1.46,0.701,0.0,1.88e-10,0.0,0.0,0.0,1.0,0.0
101,99.66666666666667,0.0395,0.00365,0.0156,0.0533,0.514,0.7959999999999999,0.267,3.2900000000000003e-12,3.3600000000000004e-05,0.0,0.0,1.0,1.0
102,15.6,0.0988,0.0031100000000000004,0.0902,0.0422,0.898,0.685,0.0,1.1e-07,0.0,0.0,0.0,1.0,0.0
103,93.66666666666666,0.0356,0.00471,0.0289,0.0587,0.9179999999999999,0.73,0.016,3.11e-13,4.8100000000000004e-05,0.0,0.0,1.0,1.0
104,16.06666666666667,0.0985,0.00611,0.019,0.0357,0.552,0.644,0.0,6.580000000000001e-08,0.0,0.0,0.0,1.0,0.0
105,24.300000000000004,0.0397,0.00619,0.0421,0.053,0.727,0.053,0.0,5.34e-07,0.0,0.0,0.0,1.0,0.0
106,116.0,0.0901,0.00122,0.0036,0.0259,1.16,0.615,0.455,4.6399999999999995e-10,2.04e-08,0.0,0.0,1.0,1.0
107,78.33333333333334,0.0993,0.006790000000000001,0.064,0.0697,1.44,0.6729999999999999,0.0,2.74e-07,0.0,0.0,0.0,1.0,0.0
108,97.33333333333333,0.0361,0.0033,0.0375,0.0521,0.705,0.8240000000000001,0.287,3.35e-19,2.97e-05,0.0,0.0,1.0,1.0
109,38.33333333333333,0.0511,0.00864,0.0045899999999999995,0.0293,1.15,0.435,0.14800000000000002,1.04e-07,4.05e-05,0.0,0.0,1.0,1.0
110,28.2,0.015,0.00285,0.0643,0.0512,0.7120000000000001,0.71,0.0,2.1100000000000003e-11,0.0,0.0,0.0,1.0,0.0
111,90.33333333333333,0.0142,0.00924,0.00847,0.026,1.45,0.5870000000000001,0.287,2.7699999999999997e-10,6.41e-06,0.0,0.0,1.0,1.0
112,106.33333333333333,0.0479,0.00812,0.0614,0.0332,1.06,0.7829999999999999,0.304,6.66e-19,1.26e-05,0.0,0.0,1.0,1.0
113,31.366666666666664,0.0939,0.0022199999999999998,0.032,0.0325,0.58,0.7509999999999999,0.193,5.11e-18,2.46e-05,0.0,0.0,1.0,1.0
114,24.46666666666667,0.0992,0.00542,0.0743,0.0293,0.8640000000000001,0.718,0.135,3.63e-18,4.11e-05,0.0,0.0,1.0,1.0
115,94.66666666666666,0.0484,0.0036,0.0159,0.0342,0.645,0.792,0.32,2.46e-13,6.77e-06,0.0,0.0,1.0,1.0
116,112.66666666666666,0.0655,0.0030800000000000003,0.0598,0.0555,0.72,0.8859999999999999,0.353,5.79e-27,2.47e-05,0.0,0.0,1.0,1.0
117,58.666666666666664,0.0527,0.00811,0.00838,0.0329,1.45,0.632,0.19699999999999998,9.81e-09,3.2200000000000003e-05,0.0,0.0,1.0,1.0
118,81.33333333333333,0.0214,0.0083,0.0424,0.0746,0.657,0.086,0.0,2.16e-07,0.0,0.0,0.0,1.0,0.0
119,104.33333333333331,0.0415,0.0046700000000000005,0.0523,0.076,1.14,0.722,0.0,2.4700000000000003e-08,0.0,0.0,0.0,1.0,0.0
120,108.99999999999999,0.0474,0.00962,0.0487,0.0687,1.02,0.693,0.0,1.65e-08,0.0,0.0,0.0,1.0,0.0
121,103.33333333333333,0.0814,0.00335,0.0721,0.0391,0.845,0.861,0.369,6.25e-29,8.74e-06,0.0,0.0,1.0,1.0
122,99.0,0.0271,0.00892,0.0552,0.0623,1.42,0.718,0.0,1.18e-11,0.0,0.0,0.0,1.0,0.0
123,83.00000000000001,0.0146,0.0014,0.0774,0.0506,0.79,0.8859999999999999,0.324,2.7499999999999996e-48,1.85e-05,0.0,0.0,1.0,1.0
124,95.33333333333333,0.0748,0.00161,0.0411,0.0418,0.5710000000000001,0.878,0.373,8.49e-23,6.54e-06,0.0,0.0,1.0,1.0
125,116.33333333333334,0.07,0.009770000000000001,0.0215,0.0881,0.545,0.098,0.0,7.02e-07,0.0,0.0,0.0,1.0,0.0
127,119.33333333333334,0.0818,0.00514,0.0604,0.0628,0.782,0.816,0.287,1.93e-20,3.8799999999999994e-05,0.0,0.0,1.0,1.0
128,87.0,0.0775,0.00658,0.0514,0.0633,0.6709999999999999,0.742,0.0,5.79e-08,0.0,0.0,0.0,1.0,0.0
129,46.33333333333333,0.0355,0.00707,0.0195,0.0557,0.545,0.098,0.0,1.83e-07,0.0,0.0,0.0,1.0,0.0
130,96.0,0.0973,0.0035,0.0962,0.0691,0.992,0.742,0.32,4.27e-09,3.9899999999999994e-05,0.0,0.0,1.0,1.0
131,99.33333333333333,0.0497,0.00863,0.00805,0.0602,0.684,0.365,0.0,1.7899999999999997e-07,0.0,0.0,0.0,1.0,0.0
132,55.0,0.0383,0.007640000000000001,0.0606,0.0308,1.33,0.7340000000000001,0.209,3.4e-16,2.7000000000000002e-05,0.0,0.0,1.0,1.0
133,73.33333333333333,0.0529,0.00196,0.0088,0.0652,1.32,0.767,0.0,7.45e-12,0.0,0.0,0.0,1.0,0.0
134,113.0,0.0767,0.00665,0.0783,0.0353,0.643,0.8240000000000001,0.34,4.23e-24,1.07e-05,0.0,0.0,1.0,1.0
135,106.66666666666667,0.0136,0.0031899999999999997,0.0458,0.0692,0.789,0.755,0.0,5.2400000000000005e-17,0.0,0.0,0.0,1.0,0.0
136,21.4,0.0699,0.00865,0.0283,0.039,1.33,0.628,0.0,5.6e-08,0.0,0.0,0.0,1.0,0.0
137,60.666666666666664,0.0502,0.00298,0.0279,0.0805,1.03,0.053,0.0,1.01e-06,0.0,0.0,0.0,1.0,0.0
138,69.0,0.0725,0.006670000000000001,0.0985,0.0423,0.818,0.7879999999999999,0.23,2.5499999999999998e-24,3.6099999999999997e-05,0.0,0.0,1.0,1.0
139,116.0,0.0815,0.00867,0.0854,0.0405,1.4,0.792,0.312,5.5799999999999996e-21,2.26e-05,0.0,0.0,1.0,1.0
140,43.66666666666667,0.0668,0.000492,0.0929,0.044,1.35,0.841,0.316,6.049999999999999e-53,1.21e-05,0.0,0.0,1.0,1.0
141,61.666666666666664,0.0313,0.007890000000000001,0.0146,0.0538,1.3,0.632,0.0,7.110000000000001e-08,0.0,0.0,0.0,1.0,0.0
142,116.66666666666666,0.0348,0.000962,0.0761,0.0343,1.45,0.504,0.435,9.89e-10,3.93e-07,0.349,9.41e-10,2.0,1.0
143,69.66666666666666,0.0108,0.00432,0.0875,0.0339,0.523,0.792,0.258,1.22e-31,1.57e-05,0.0,0.0,1.0,1.0
144,96.0,0.0866,0.00349,0.0635,0.0641,0.743,0.779,0.295,1.82e-18,3.929999999999999e-05,0.0,0.0,1.0,1.0
145,97.66666666666667,0.0545,0.005679999999999999,0.0974,0.0475,1.06,0.816,0.29100000000000004,2.31e-28,2.97e-05,0.0,0.0,1.0,1.0
146,111.66666666666667,0.0656,0.00344,0.0287,0.0859,1.49,0.10300000000000001,0.0,5.27e-07,0.0,0.0,0.0,1.0,0.0
147,36.0,0.0877,0.00902,0.0181,0.0367,1.37,0.669,0.0,9.58e-09,0.0,0.0,0.0,1.0,0.0
148,119.0,0.0591,0.0033799999999999998,0.0494,0.0273,0.772,0.5539999999999999,0.414,3.3e-09,4.1200000000000004e-07,0.332,3.17e-09,2.0,1.0
149,36.0,0.0475,0.00041799999999999997,0.0149,0.0372,1.17,0.644,0.23800000000000002,8.179999999999999e-13,9.14e-06,0.0,0.0,1.0,1.0
150,96.33333333333334,0.059,0.0094,0.0129,0.028,0.826,0.726,0.287,1.33e-10,8.48e-06,0.0,0.0,1.0,1.0
151,64.0,0.0298,0.008140000000000001,0.0199,0.062,1.2,0.107,0.0,1.91e-07,0.0,0.0,0.0,1.0,0.0
152,84.99999999999999,0.0184,0.00525,0.0275,0.0322,1.34,0.763,0.287,7.05e-15,1.05e-05,0.0,0.0,1.0,1.0
153,77.0,0.0808,0.00103,0.0447,0.0753,1.07,0.8,0.295,1.2e-09,4.1700000000000004e-05,0.0,0.0,1.0,1.0
154,86.66666666666667,0.027,0.0026899999999999997,0.0272,0.065,1.06,0.742,0.0,5.99e-14,0.0,0.0,0.0,1.0,0.0
155,23.900000000000002,0.0118,0.008159999999999999,0.0744,0.0453,0.517,0.07,0.0,9.15e-08,0.0,0.0,0.0,1.0,0.0
156,111.0,0.0644,0.000541,0.0236,0.0258,0.8320000000000001,0.39799999999999996,0.484,6.84e-11,5.37e-09,0.45899999999999996,7.48e-11,2.0,1.0
157,117.99999999999999,0.0844,0.008790000000000001,0.0907,0.0398,1.13,0.804,0.336,7.410000000000001e-22,2e-05,0.0,0.0,1.0,1.0
158,107.33333333333334,0.0444,0.006809999999999999,0.0694,0.0762,1.42,0.107,0.0,4.6399999999999997e-07,0.0,0.0,0.0,1.0,0.0
159,85.66666666666666,0.0135,0.000154,0.0553,0.0877,0.86,1.05,0.35700000000000004,5.859999999999999e-64,3.91e-05,0.0,0.0,1.0,1.0
160,65.33333333333333,0.0304,0.00323,0.0799,0.0385,1.26,0.8079999999999999,0.267,5.65e-32,2e-05,0.0,0.0,1.0,1.0
161,119.66666666666666,0.0329,0.00808,0.097,0.061,0.805,0.71,0.0,2.2700000000000002e-10,0.0,0.0,0.0,1.0,0.0
162,49.666666666666664,0.0763,0.000434,0.0582,0.0864,1.29,0.759,0.0,2.21e-06,0.0,0.0,0.0,1.0,0.0
163,118.33333333333331,0.0265,0.00584,0.054,0.0382,1.12,0.8079999999999999,0.32799999999999996,1.64e-20,1.32e-05,0.0,0.0,1.0,1.0
164,103.66666666666666,0.0634,0.00038500000000000003,0.0402,0.0725,0.625,0.993,0.447,1.55e-23,1.9699999999999998e-05,0.0,0.0,1.0,1.0
165,102.0,0.013,0.00942,0.0206,0.058,1.49,0.6890000000000001,0.0,6.090000000000001e-10,0.0,0.0,0.0,1.0,0.0
166,41.333333333333336,0.0319,0.0013,0.0174,0.0696,0.754,0.066,0.0,4.94e-07,0.0,0.0,0.0,1.0,0.0
167,47.666666666666664,0.0846,0.000731,0.0317,0.0527,0.705,0.845,0.275,2.1899999999999995e-19,2.9299999999999997e-05,0.0,0.0,1.0,1.0
168,99.0,0.0145,0.00472,0.0239,0.0841,1.01,0.086,0.0,1.5199999999999998e-07,0.0,0.0,0.0,1.0,0.0
169,97.33333333333333,0.0811,0.00481,0.0505,0.0262,0.665,0.841,0.345,3.11e-09,1.34e-06,0.0,0.0,1.0,1.0
170,88.33333333333333,0.0274,0.0059,0.00797,0.0432,0.693,0.726,0.242,1.14e-09,3.2e-05,0.0,0.0,1.0,1.0
171,28.766666666666666,0.0482,0.00596,0.0687,0.0296,1.46,0.7140000000000001,0.139,5.22e-17,4.09e-05,0.0,0.0,1.0,1.0
172,108.33333333333333,0.0942,0.0007480000000000001,0.0316,0.0777,1.32,1.005,0.44299999999999995,1.27e-14,2.99e-05,0.0,0.0,1.0,1.0
173,65.66666666666666,0.0208,0.006229999999999999,0.0711,0.063,0.7290000000000001,0.6559999999999999,0.0,5.42e-08,0.0,0.0,0.0,1.0,0.0
174,86.33333333333333,0.0972,0.00386,0.0518,0.0388,0.516,0.816,0.32,8.040000000000001e-23,1.4300000000000002e-05,0.0,0.0,1.0,1.0
175,23.433333333333334,0.0456,0.00532,0.0050799999999999994,0.0444,1.14,0.07,0.0,1.32e-06,0.0,0.0,0.0,1.0,0.0
176,85.99999999999999,0.0578,0.0041,0.0835,0.0392,0.883,0.8240000000000001,0.32,5.76e-31,1.55e-05,0.0,0.0,1.0,1.0
177,48.333333333333336,0.0965,0.007370000000000001,0.0588,0.0288,0.52,0.738,0.213,6.26e-16,2.4299999999999998e-05,0.0,0.0,1.0,1.0
178,87.0,0.0269,0.00164,0.0741,0.0678,1.31,0.87,0.287,3.5400000000000003e-29,3.9500000000000005e-05,0.0,0.0,1.0,1.0
179,96.66666666666667,0.0914,0.0092,0.0619,0.0828,0.53,0.08199999999999999,0.0,1.4e-06,0.0,0.0,0.0,1.0,0.0
180,54.0,0.0529,0.00441,0.079,0.0268,0.9890000000000001,0.775,0.25,6.8e-24,8.3e-06,0.0,0.0,1.0,1.0
181,59.66666666666667,0.0432,0.004529999999999999,0.0658,0.0537,1.26,0.701,0.0,6.77e-15,0.0,0.0,0.0,1.0,0.0
182,85.33333333333333,0.0242,0.0010400000000000001,0.0807,0.034,1.28,0.562,0.361,1.7000000000000001e-09,1.31e-06,0.316,1.82e-09,2.0,1.0
183,79.33333333333333,0.0918,0.009290000000000001,0.0373,0.0814,1.23,0.066,0.0,1.61e-06,0.0,0.0,0.0,1.0,0.0
184,107.33333333333334,0.0364,0.00183,0.0562,0.0758,1.05,0.7959999999999999,0.213,7.37e-14,4.47e-05,0.0,0.0,1.0,1.0
185,8.6,0.0409,0.000162,0.0811,0.043,0.93,0.759,0.0,5.070000000000001e-28,0.0,0.0,0.0,1.0,0.0
186,113.66666666666666,0.018,0.00182,0.0966,0.064,0.527,0.927,0.345,9.37e-41,2.9600000000000005e-05,0.0,0.0,1.0,1.0
187,79.99999999999999,0.081,0.007540000000000001,0.0832,0.0347,1.41,0.779,0.271,1.4999999999999998e-20,2.11e-05,0.0,0.0,1.0,1.0
188,110.0,0.0555,0.008870000000000001,0.0745,0.0345,0.512,0.787,0.304,1.46e-20,1.52e-05,0.0,0.0,1.0,1.0
189,28.96666666666667,0.0598,0.00010400000000000001,0.0265,0.0463,0.877,0.254,0.258,1.6199999999999999e-18,1.59e-05,0.525,1.37e-10,2.0,1.0
190,119.66666666666666,0.0335,0.000583,0.058,0.0741,0.87,1.013,0.447,1.3099999999999999e-30,2.1899999999999997e-05,0.0,0.0,1.0,1.0
191,99.99999999999999,0.0831,0.0063,0.091,0.084,1.25,0.053,0.0,3.41e-06,0.0,0.0,0.0,1.0,0.0
192,8.5,0.0896,0.00505,0.0784,0.0327,1.32,0.636,0.0,1.35e-07,0.0,0.0,0.0,1.0,0.0
193,71.66666666666666,0.0472,0.00788,0.0865,0.062,0.98,0.705,0.0,6.8099999999999994e-09,0.0,0.0,0.0,1.0,0.0
194,119.0,0.0654,0.00366,0.0533,0.0394,0.83,0.861,0.373,1.06e-23,7.91e-06,0.0,0.0,1.0,1.0
195,92.66666666666666,0.0982,0.0054,0.0973,0.0514,0.723,0.8370000000000001,0.32799999999999996,4.19e-27,3.07e-05,0.0,0.0,1.0,1.0
196,114.33333333333333,0.048,0.00563,0.0246,0.0897,1.13,0.086,0.0,5.25e-07,0.0,0.0,0.0,1.0,0.0
197,29.6,0.0531,0.00302,0.0621,0.035,0.66,0.7509999999999999,0.168,2.33e-23,3.71e-05,0.0,0.0,1.0,1.0
198,57.0,0.0314,0.000624,0.089,0.0472,1.22,0.8859999999999999,0.312,1.5699999999999998e-62,1.36e-05,0.0,0.0,1.0,1.0
199,98.66666666666666,0.0133,0.00265,0.0572,0.0354,1.02,0.8370000000000001,0.34,1.6000000000000001e-28,4.85e-06,0.0,0.0,1.0,1.0
200,49.0,0.0193,0.00894,0.0363,0.0481,1.44,0.669,0.0,2.9499999999999996e-10,0.0,0.0,0.0,1.0,0.0
201,96.0,0.0585,0.0079,0.0167,0.0265,0.97,0.742,0.304,8.1e-12,4.53e-06,0.0,0.0,1.0,1.0
202,93.0,0.0115,0.00488,0.0274,0.0652,0.905,0.738,0.0,5.21e-13,0.0,0.0,0.0,1.0,0.0
203,54.666666666666664,0.079,0.00602,0.0286,0.0592,1.39,0.648,0.0,1.1699999999999999e-07,0.0,0.0,0.0,1.0,0.0
204,84.99999999999999,0.054,0.00891,0.0251,0.0823,1.11,0.07,0.0,7.94e-07,0.0,0.0,0.0,1.0,0.0
205,83.00000000000001,0.0288,0.00843,0.0345,0.0677,0.9590000000000001,0.115,0.0,1.67e-07,0.0,0.0,0.0,1.0,0.0
206,82.66666666666667,0.0498,0.007359999999999999,0.0935,0.075,1.28,0.057,0.0,1.89e-06,0.0,0.0,0.0,1.0,0.0
207,62.333333333333336,0.0469,0.00147,0.0298,0.078,0.68,0.701,0.0,2.45e-07,0.0,0.0,0.0,1.0,0.0
208,9.533333333333335,0.1,0.000822,0.0748,0.0438,1.07,0.6729999999999999,0.0,1.44e-06,0.0,0.0,0.0,1.0,0.0
209,82.66666666666667,0.0802,0.00772,0.0971,0.0413,1.34,0.7879999999999999,0.25,8.940000000000002e-22,3.17e-05,0.0,0.0,1.0,1.0
210,88.99999999999999,0.0664,0.0065,0.0457,0.0588,1.15,0.7140000000000001,0.0,2.63e-11,0.0,0.0,0.0,1.0,0.0
211,81.0,0.0391,0.00299,0.0137,0.0938,0.6609999999999999,0.057,0.0,1.07e-06,0.0,0.0,0.0,1.0,0.0
212,18.03333333333333,0.062,0.0014199999999999998,0.0415,0.0272,1.07,0.693,0.16,6.120000000000001e-23,2.1600000000000003e-05,0.0,0.0,1.0,1.0
213,87.33333333333334,0.0385,0.0016600000000000002,0.0188,0.054,0.79,0.845,0.308,8.95e-16,2.48e-05,0.0,0.0,1.0,1.0
214,95.0,0.0625,0.00124,0.0915,0.0957,1.42,0.73,0.0,1.82e-06,0.0,0.0,0.0,1.0,0.0
215,80.33333333333333,0.0556,0.00504,0.0755,0.0373,0.7240000000000001,0.804,0.28300000000000003,7.559999999999999e-26,1.89e-05,0.0,0.0,1.0,1.0
216,102.99999999999999,0.0184,0.00151,0.0698,0.0845,1.26,0.705,0.0,1.85e-07,0.0,0.107,5.31e-07,2.0,0.0
217,115.33333333333333,0.0807,0.000921,0.0015400000000000001,0.089,0.619,0.8,0.0,1.2199999999999998e-07,0.0,0.0,0.0,1.0,0.0
218,92.33333333333333,0.0879,0.0074,0.0138,0.0333,1.24,0.7340000000000001,0.28300000000000003,1.9800000000000001e-10,1.53e-05,0.0,0.0,1.0,1.0
219,98.33333333333334,0.0302,0.00225,0.00286,0.0577,1.14,0.755,0.287,6.17e-09,3.19e-05,0.0,0.0,1.0,1.0
220,65.33333333333333,0.0473,0.00646,0.0341,0.0602,1.42,0.6729999999999999,0.0,2.81e-08,0.0,0.0,0.0,1.0,0.0
221,29.699999999999992,0.0645,0.00489,0.0919,0.0487,0.737,0.701,0.0,4.36e-09,0.0,0.0,0.0,1.0,0.0
222,88.66666666666667,0.0945,0.00313,0.0732,0.0773,1.29,0.804,0.0,4.41e-07,0.0,0.0,0.0,1.0,0.0
223,46.99999999999999,0.047,0.000195,0.0486,0.0502,0.635,0.8740000000000001,0.308,5.31e-30,1.23e-05,0.0,0.0,1.0,1.0
224,91.0,0.0925,0.00205,0.0183,0.0513,0.585,0.841,0.32,6.35e-15,2.1899999999999997e-05,0.0,0.0,1.0,1.0
225,49.99999999999999,0.0772,0.00831,0.0627,0.0577,0.642,0.644,0.0,1.53e-07,0.0,0.0,0.0,1.0,0.0
226,49.33333333333333,0.058,0.00857,0.0679,0.0541,1.27,0.669,0.0,3.0499999999999995e-08,0.0,0.0,0.0,1.0,0.0
227,82.0,0.0418,0.00465,0.0209,0.0772,1.06,0.094,0.0,3.47e-07,0.0,0.0,0.0,1.0,0.0
228,81.66666666666666,0.0156,0.00984,0.0166,0.0722,1.21,0.09,0.0,2.15e-07,0.0,0.0,0.0,1.0,0.0
229,102.33333333333333,0.0451,0.00496,0.0414,0.0545,1.5,0.755,0.24600000000000002,8.63e-18,3.8299999999999996e-05,0.0,0.0,1.0,1.0
230,58.666666666666664,0.0888,0.00255,0.0845,0.0687,1.42,0.8,0.0,1.04e-07,0.0,0.0,0.0,1.0,0.0
231,37.333333333333336,0.058,0.000665,0.0694,0.0694,1.43,0.812,0.0,3.88e-07,0.0,0.0,0.0,1.0,0.0
232,51.333333333333336,0.0112,0.007359999999999999,0.00517,0.0509,1.4,0.115,0.0,1.8899999999999999e-07,0.0,0.0,0.0,1.0,0.0
233,65.0,0.0543,0.00186,0.0154,0.0808,0.7829999999999999,0.078,0.0,8.15e-07,0.0,0.0,0.0,1.0,0.0
234,107.0,0.0472,0.0037600000000000003,0.0782,0.04,0.6890000000000001,0.861,0.353,1.78e-32,1.0800000000000002e-05,0.0,0.0,1.0,1.0
235,58.99999999999999,0.0371,0.00992,0.0122,0.0643,0.649,0.09,0.0,7.040000000000001e-07,0.0,0.0,0.0,1.0,0.0
236,110.66666666666666,0.0297,0.00982,0.0899,0.0549,1.45,0.722,0.0,3.97e-14,0.0,0.0,0.0,1.0,0.0
237,51.666666666666664,0.0931,0.00647,0.0781,0.026,0.5,0.755,0.23800000000000002,3.03e-20,1.25e-05,0.0,0.0,1.0,1.0
238,55.33333333333333,0.0894,0.00627,0.0873,0.0472,0.912,0.763,0.127,1.0099999999999999e-17,4.6500000000000005e-05,0.0,0.0,1.0,1.0
239,53.00000000000001,0.022,0.006490000000000001,0.027,0.0725,0.565,0.062,0.0,3.2200000000000005e-07,0.0,0.0,0.0,1.0,0.0
240,100.33333333333333,0.0375,0.0089,0.0097,0.083,1.3,0.07,0.0,1.22e-06,0.0,0.0,0.0,1.0,0.0
241,110.66666666666666,0.0707,0.00925,0.0628,0.0787,1.24,0.107,0.0,6.970000000000001e-07,0.0,0.0,0.0,1.0,0.0
242,99.66666666666667,0.0716,0.00821,0.035,0.0862,1.4,0.07,0.0,1.22e-06,0.0,0.0,0.0,1.0,0.0
243,81.0,0.061,0.0027300000000000002,0.0391,0.0648,1.04,0.804,0.0,1.5699999999999999e-13,0.0,0.0,0.0,1.0,0.0
244,33.666666666666664,0.0619,0.000335,0.0278,0.0737,0.965,0.804,0.0,4.38e-07,0.0,0.0,0.0,1.0,0.0
245,83.66666666666666,0.0206,0.00128,0.0378,0.0708,1.03,0.7709999999999999,0.185,1.98e-17,4.61e-05,0.0,0.0,1.0,1.0
246,111.33333333333333,0.0357,0.00717,0.0247,0.055,0.607,0.755,0.156,7.19e-12,4.6299999999999994e-05,0.0,0.0,1.0,1.0
247,110.0,0.0292,0.00198,0.0976,0.0374,1.47,0.915,0.39,2.78e-30,3.08e-06,0.0,0.0,1.0,1.0
248,65.0,0.0844,0.00943,0.051,0.0681,0.634,0.094,0.0,6.1e-07,0.0,0.0,0.0,1.0,0.0
249,89.33333333333333,0.0182,0.0019199999999999998,0.091,0.0679,1.06,0.7959999999999999,0.213,5.65e-25,4.46e-05,0.0,0.0,1.0,1.0
250,55.99999999999999,0.0398,0.000599,0.0531,0.0382,0.872,0.8490000000000001,0.299,5.48e-22,4.99e-06,0.0,0.0,1.0,1.0
251,75.0,0.0119,0.00349,0.0789,0.0642,1.36,0.726,0.0,3.2199999999999997e-10,0.0,0.0,0.0,1.0,0.0
252,79.99999999999999,0.0916,0.00673,0.0892,0.0353,0.5489999999999999,0.792,0.28300000000000003,4.0000000000000004e-24,1.9600000000000002e-05,0.0,0.0,1.0,1.0
253,107.0,0.0214,0.00807,0.069,0.0572,1.02,0.767,0.0,5.099999999999999e-20,0.0,0.0,0.0,1.0,0.0
254,111.66666666666667,0.0228,0.0016699999999999998,0.00657,0.0829,1.09,0.7709999999999999,0.0,7.7e-09,0.0,0.0,0.0,1.0,0.0
255,68.33333333333333,0.057,0.0057799999999999995,0.0521,0.0638,0.544,0.71,0.0,5.7700000000000005e-09,0.0,0.0,0.0,1.0,0.0
256,82.0,0.0802,0.00022,0.0522,0.0876,1.44,0.857,0.574,3.1e-16,2.72e-05,0.0,0.0,1.0,1.0
257,111.0,0.0889,0.00328,0.0819,0.0836,1.3,0.841,0.0,2.2e-07,0.0,0.0,0.0,1.0,0.0
258,57.333333333333336,0.0605,0.00617,0.0837,0.0311,1.28,0.767,0.23800000000000002,7.96e-22,2.07e-05,0.0,0.0,1.0,1.0
259,57.0,0.0331,0.00359,0.0612,0.0442,0.561,0.792,0.209,4.75e-23,3.64e-05,0.0,0.0,1.0,1.0
260,53.00000000000001,0.0445,0.00765,0.0712,0.0522,0.7809999999999999,0.7140000000000001,0.0,4.04e-13,0.0,0.0,0.0,1.0,0.0
261,65.33333333333333,0.0129,0.000178,0.09,0.074,0.508,0.9840000000000001,0.35700000000000004,1.41e-48,3.229999999999999e-05,0.0,0.0,1.0,1.0
262,72.0,0.0832,0.00244,0.0139,0.049,1.31,0.7959999999999999,0.263,2.7099999999999996e-12,2.97e-05,0.0,0.0,1.0,1.0
263,92.33333333333333,0.0381,0.0057,0.0866,0.0376,1.16,0.804,0.295,1.66e-26,1.7800000000000002e-05,0.0,0.0,1.0,1.0
264,22.03333333333333,0.0913,0.00581,0.0716,0.0268,0.943,0.705,0.127,1.1299999999999999e-16,4.07e-05,0.0,0.0,1.0,1.0
265,67.33333333333333,0.0284,0.0009460000000000001,0.0679,0.0775,0.621,0.816,0.0,2.32e-09,0.0,0.0,0.0,1.0,0.0
266,67.66666666666666,0.0171,0.0098,0.0689,0.0357,1.23,0.7340000000000001,0.18899999999999997,1.79e-15,3.79e-05,0.0,0.0,1.0,1.0
267,114.33333333333333,0.0175,0.00826,0.00236,0.051,0.742,0.258,0.18899999999999997,1.15e-07,4.3700000000000005e-05,0.0,0.0,1.0,1.0
268,88.66666666666667,0.0919,0.0054399999999999995,0.0156,0.0893,0.7759999999999999,0.078,0.0,1.74e-06,0.0,0.0,0.0,1.0,0.0
269,41.666666666666664,0.0575,0.000517,0.0437,0.0378,0.895,0.82,0.262,3.39e-23,8.2e-06,0.0,0.0,1.0,1.0
270,52.66666666666667,0.0592,0.00835,0.0107,0.055,0.792,0.115,0.0,5.02e-07,0.0,0.0,0.0,1.0,0.0
271,88.33333333333333,0.0194,0.00406,0.0399,0.0627,1.33,0.705,0.0,4.87e-13,0.0,0.0,0.0,1.0,0.0
272,83.33333333333333,0.0907,0.00742,0.0319,0.0707,0.745,0.11900000000000001,0.0,3.84e-07,0.0,0.0,0.0,1.0,0.0
273,74.00000000000001,0.0391,0.000236,0.0333,0.0686,0.9940000000000001,0.968,0.373,4.8099999999999996e-20,2.33e-05,0.0,0.0,1.0,1.0
274,100.66666666666667,0.075,0.006959999999999999,0.0942,0.0621,1.16,0.779,0.0,3.27e-08,0.0,0.0,0.0,1.0,0.0
275,27.366666666666664,0.0253,0.00351,0.0326,0.0495,0.8590000000000001,0.6559999999999999,0.0,1.56e-08,0.0,0.0,0.0,1.0,0.0
276,29.433333333333334,0.0139,0.00131,0.00475,0.0543,0.7,0.705,0.0,4.1600000000000005e-09,0.0,0.0,0.0,1.0,0.0
277,118.33333333333331,0.0496,0.0092,0.068,0.0272,0.59,0.8,0.336,4.53e-18,3.74e-06,0.0,0.0,1.0,1.0
278,63.33333333333333,0.0574,0.00883,0.00335,0.0563,0.575,0.115,0.0,1.66e-06,0.0,0.0,0.0,1.0,0.0
279,85.33333333333333,0.0821,0.0047,0.0914,0.0425,0.57,0.8240000000000001,0.324,3.4499999999999998e-31,2.12e-05,0.0,0.0,1.0,1.0
280,66.99999999999999,0.04,0.0008960000000000001,0.0863,0.0667,1.0,0.9109999999999999,0.353,1.6399999999999997e-37,3.47e-05,0.0,0.0,1.0,1.0
281,35.0,0.0127,0.006840000000000001,0.0276,0.0535,1.04,0.078,0.0,8.199999999999999e-08,0.0,0.0,0.0,1.0,0.0
282,58.33333333333333,0.0649,0.009009999999999999,0.026,0.0594,0.9490000000000001,0.115,0.0,2.9199999999999997e-07,0.0,0.0,0.0,1.0,0.0
283,36.0,0.0816,0.000566,0.0816,0.0505,0.95,0.841,0.316,1.2899999999999999e-38,2.61e-05,0.0,0.0,1.0,1.0
284,50.66666666666667,0.0477,0.00428,0.0495,0.0312,1.29,0.759,0.226,6.990000000000001e-19,1.89e-05,0.0,0.0,1.0,1.0
285,71.0,0.0595,0.00728,0.0906,0.0491,1.37,0.7140000000000001,0.107,4.7e-13,4.7499999999999996e-05,0.0,0.0,1.0,1.0
286,25.966666666666665,0.0704,0.00486,0.039,0.0454,1.21,0.669,0.0,3.7e-09,0.0,0.0,0.0,1.0,0.0
287,60.0,0.074,0.008029999999999999,0.0208,0.067,1.32,0.09,0.0,6.57e-07,0.0,0.0,0.0,1.0,0.0
288,54.0,0.0751,0.00587,0.0204,0.076,0.8859999999999999,0.062,0.0,1.31e-06,0.0,0.0,0.0,1.0,0.0
289,37.333333333333336,0.0406,0.00943,0.0017800000000000001,0.0323,1.03,0.172,0.0,5.14e-07,0.0,0.0,0.0,1.0,0.0
290,119.33333333333334,0.0397,0.00458,0.0507,0.0355,0.995,0.833,0.361,2.55e-21,6.2e-06,0.0,0.0,1.0,1.0
291,102.99999999999999,0.0105,0.00939,0.0861,0.0495,1.28,0.767,0.11900000000000001,4.21e-19,4.71e-05,0.0,0.0,1.0,1.0
292,40.333333333333336,0.0895,0.0071,0.0241,0.0502,1.12,0.652,0.0,5.71e-08,0.0,0.0,0.0,1.0,0.0
293,98.0,0.0436,0.00265,0.0337,0.0458,1.29,0.8370000000000001,0.32799999999999996,1.36e-20,1.65e-05,0.0,0.0,1.0,1.0
294,66.33333333333334,0.0358,0.00283,0.0288,0.07,1.44,0.6559999999999999,0.0,9.240000000000001e-08,0.0,0.0,0.0,1.0,0.0
295,53.333333333333336,0.082,0.0077,0.0562,0.0515,0.9620000000000001,0.705,0.0,1.4299999999999999e-08,0.0,0.0,0.0,1.0,0.0
296,58.0,0.0819,0.0084,0.0497,0.0647,1.37,0.09,0.0,6.110000000000001e-07,0.0,0.0,0.0,1.0,0.0
297,12.166666666666666,0.029,0.00199,0.0476,0.0252,1.05,0.701,0.115,2.4199999999999997e-21,3.66e-05,0.0,0.0,1.0,1.0
298,31.766666666666666,0.0793,0.00016999999999999999,0.0203,0.0649,1.01,0.878,0.0,5.870000000000001e-13,0.0,0.0,0.0,1.0,0.0
299,71.33333333333334,0.0554,0.007940000000000001,0.0397,0.0498,0.625,0.73,0.0,3.01e-12,0.0,0.0,0.0,1.0,0.0
300,108.66666666666664,0.0481,0.00321,0.0753,0.0381,1.45,0.878,0.373,2.68e-28,6.69e-06,0.0,0.0,1.0,1.0
301,94.33333333333333,0.0661,0.0073,0.0957,0.0765,0.635,0.09,0.0,1.46e-06,0.0,0.0,0.0,1.0,0.0
302,48.666666666666664,0.0203,0.008190000000000001,0.0283,0.0257,1.45,0.705,0.209,2.42e-12,1.95e-05,0.0,0.0,1.0,1.0
303,107.33333333333334,0.0617,0.0078,0.0599,0.0638,1.11,0.746,0.0,3.2799999999999996e-08,0.0,0.0,0.0,1.0,0.0
304,38.33333333333333,0.0731,0.00575,0.073,0.0547,1.39,0.664,0.0,1.99e-07,0.0,0.0,0.0,1.0,0.0
305,74.66666666666667,0.0864,0.0005,0.0474,0.0844,1.45,0.988,0.39799999999999996,1.6100000000000003e-07,3.4200000000000005e-05,0.0,0.0,1.0,1.0
306,13.0,0.0606,0.00146,0.081,0.0442,0.924,0.6970000000000001,0.0,1.57e-07,0.0,0.0,0.0,1.0,0.0
307,114.33333333333333,0.041,0.0036799999999999997,0.00698,0.0674,0.972,0.742,0.0,6.74e-10,0.0,0.0,0.0,1.0,0.0
308,86.33333333333333,0.0563,0.009559999999999999,0.055,0.0416,1.45,0.7509999999999999,0.217,5.11e-14,3.77e-05,0.0,0.0,1.0,1.0
309,96.33333333333334,0.0582,0.00277,0.0997,0.0817,0.6,0.8370000000000001,0.0,2.55e-07,0.0,0.0,0.0,1.0,0.0
310,48.333333333333336,0.0388,0.0008880000000000001,0.00987,0.028,1.05,0.5579999999999999,0.271,1.1000000000000001e-08,1.34e-06,0.0,0.0,1.0,1.0
311,67.33333333333333,0.037,0.0088,0.0968,0.0517,0.56,0.722,0.0,1.55e-10,0.0,0.0,0.0,1.0,0.0
312,112.33333333333333,0.0235,0.00639,0.0583,0.084,1.35,0.062,0.0,5.979999999999999e-07,0.0,0.0,0.0,1.0,0.0
313,30.533333333333328,0.0442,0.00236,0.0632,0.0349,1.01,0.759,0.185,3.0200000000000003e-27,3.14e-05,0.0,0.0,1.0,1.0
314,99.66666666666667,0.0966,0.00101,0.007890000000000001,0.0317,1.49,0.66,0.386,8.69e-09,3.4899999999999996e-07,0.0,0.0,1.0,1.0
315,90.33333333333333,0.049,0.00526,0.0601,0.0445,0.5539999999999999,0.804,0.271,1.01e-21,2.8999999999999997e-05,0.0,0.0,1.0,1.0
316,62.00000000000001,0.0257,0.0070799999999999995,0.059,0.0446,1.37,0.742,0.0,2.1800000000000002e-16,0.0,0.0,0.0,1.0,0.0
317,97.66666666666667,0.0957,0.008,0.0142,0.0852,0.852,0.09,0.0,1.66e-06,0.0,0.0,0.0,1.0,0.0
318,41.666666666666664,0.0286,0.0021899999999999997,0.0491,0.0378,1.32,0.779,0.213,6.9e-25,2.68e-05,0.0,0.0,1.0,1.0
319,111.99999999999999,0.0154,0.00114,0.0629,0.0756,0.84,0.9520000000000001,0.336,1.3299999999999999e-24,3.77e-05,0.0,0.0,1.0,1.0
320,104.33333333333331,0.088,0.00088,0.0625,0.0463,1.49,0.9309999999999999,0.435,3.24e-09,4.67e-06,0.0,0.0,1.0,1.0
321,111.33333333333333,0.0742,0.00469,0.0592,0.0488,1.33,0.833,0.345,3.89e-23,2.3100000000000002e-05,0.0,0.0,1.0,1.0
322,79.66666666666667,0.0676,0.0012900000000000001,0.0538,0.0253,1.34,0.431,0.365,1.18e-09,1.3e-07,0.365,1.29e-09,2.0,1.0
323,59.33333333333333,0.0442,0.00021099999999999998,0.0152,0.0724,0.735,0.9309999999999999,0.295,6.809999999999999e-18,3.9200000000000004e-05,0.0,0.0,1.0,1.0
324,116.33333333333334,0.0418,0.000657,0.0798,0.0415,0.5529999999999999,0.562,0.447,2.57e-09,1.23e-06,0.365,1.6800000000000002e-09,2.0,1.0
325,32.599999999999994,0.0963,0.0030600000000000002,0.0672,0.0271,0.855,0.7509999999999999,0.205,3.89e-23,1.57e-05,0.0,0.0,1.0,1.0
326,83.33333333333333,0.0372,0.00591,0.092,0.0587,0.777,0.742,0.0,1.3700000000000002e-12,0.0,0.0,0.0,1.0,0.0
327,108.66666666666664,0.0871,0.00609,0.0348,0.039,1.23,0.787,0.312,2.44e-15,1.6800000000000002e-05,0.0,0.0,1.0,1.0
328,39.33333333333333,0.0247,0.000459,0.00954,0.0738,0.8959999999999999,0.755,0.0,2.0899999999999998e-07,0.0,0.0,0.0,1.0,0.0
329,102.0,0.0985,0.00466,0.0274,0.0395,1.27,0.792,0.32,7.14e-15,1.4800000000000002e-05,0.0,0.0,1.0,1.0
330,43.333333333333336,0.0258,0.00236,0.076,0.0554,1.29,0.7509999999999999,0.0,3.3e-14,0.0,0.0,0.0,1.0,0.0
331,77.33333333333333,0.0416,0.0021100000000000003,0.0324,0.079,0.7090000000000001,0.718,0.0,8.76e-08,0.0,0.0,0.0,1.0,0.0
332,72.0,0.0116,0.00745,0.0036799999999999997,0.0254,1.25,0.439,0.262,2.44e-09,7e-06,0.0,0.0,1.0,1.0
333,100.66666666666667,0.0589,0.00675,0.0737,0.0583,0.9279999999999999,0.6970000000000001,0.0,4.670000000000001e-09,0.0,0.0,0.0,1.0,0.0
334,17.0,0.0928,0.008159999999999999,0.0296,0.0292,0.8140000000000001,0.66,0.0,1.4800000000000003e-09,0.0,0.0,0.0,1.0,0.0
335,26.7,0.016,0.00148,0.0771,0.0307,0.526,0.767,0.193,1.67e-42,1.92e-05,0.0,0.0,1.0,1.0
336,104.66666666666666,0.0256,0.004079999999999999,0.0738,0.0807,0.63,0.078,0.0,5.9e-07,0.0,0.0,0.0,1.0,0.0
337,106.66666666666667,0.0967,0.007659999999999999,0.0584,0.075,1.26,0.685,0.0,1.92e-07,0.0,0.0,0.0,1.0,0.0
338,74.33333333333333,0.053,0.00963,0.0873,0.032,1.19,0.759,0.24600000000000002,2.41e-18,2.36e-05,0.0,0.0,1.0,1.0
339,27.0,0.0604,0.00375,0.0717,0.0545,1.05,0.053,0.0,1.53e-06,0.0,0.0,0.0,1.0,0.0
340,62.333333333333336,0.0126,0.00941,0.00583,0.0427,1.5,0.648,0.0,4.92e-08,0.0,0.0,0.0,1.0,0.0
341,76.0,0.0308,0.00868,0.0131,0.0523,1.18,0.677,0.0,1.07e-08,0.0,0.0,0.0,1.0,0.0
342,104.66666666666666,0.0783,0.00116,0.0387,0.0915,0.7440000000000001,0.9390000000000001,0.0,3.9e-08,0.0,0.0,0.0,1.0,0.0
343,110.66666666666666,0.0757,0.00909,0.0928,0.0777,0.51,0.644,0.0,5.8e-07,0.0,0.0,0.0,1.0,0.0
344,112.66666666666666,0.0583,0.008759999999999999,0.0764,0.0312,0.7709999999999999,0.7959999999999999,0.324,4.3600000000000006e-21,8.66e-06,0.0,0.0,1.0,1.0
345,91.0,0.0259,0.00424,0.0898,0.0337,1.07,0.82,0.312,1.45e-30,8.17e-06,0.0,0.0,1.0,1.0
346,69.33333333333334,0.0785,0.00829,0.07,0.0742,1.3,0.057,0.0,2.38e-06,0.0,0.0,0.0,1.0,0.0
347,56.33333333333333,0.0882,0.0072,0.014,0.0747,0.81,0.062,0.0,2.26e-06,0.0,0.0,0.0,1.0,0.0
348,18.500000000000004,0.019,0.00419,0.024,0.0368,1.03,0.677,0.0,5.54e-11,0.0,0.0,0.0,1.0,0.0
349,25.4,0.0652,0.00783,0.0953,0.0303,0.764,0.705,0.0,8.519999999999999e-16,0.0,0.0,0.0,1.0,0.0
350,56.33333333333333,0.0143,0.0034200000000000003,0.0477,0.0612,1.07,0.738,0.0,2.86e-12,0.0,0.0,0.0,1.0,0.0
351,60.0,0.0283,0.00463,0.0958,0.0664,0.833,0.066,0.0,8.94e-07,0.0,0.0,0.0,1.0,0.0
352,114.66666666666667,0.0316,0.005220000000000001,0.021,0.0743,0.8029999999999999,0.6890000000000001,0.0,2.48e-08,0.0,0.0,0.0,1.0,0.0
353,77.66666666666666,0.0309,0.00297,0.0624,0.0494,1.48,0.8290000000000001,0.271,1.57e-27,2.9999999999999997e-05,0.0,0.0,1.0,1.0
354,70.33333333333333,0.0584,0.00689,0.0459,0.0358,0.8,0.759,0.23800000000000002,7.93e-16,2.72e-05,0.0,0.0,1.0,1.0
355,46.666666666666664,0.0298,0.0033200000000000005,0.0576,0.0387,0.85,0.7709999999999999,0.209,1.2900000000000001e-23,3.2e-05,0.0,0.0,1.0,1.0
356,37.00000000000001,0.0567,0.0019,0.0851,0.0423,1.2,0.804,0.221,7.87e-35,3.26e-05,0.0,0.0,1.0,1.0
357,111.66666666666667,0.0692,0.0016899999999999999,0.0406,0.0757,1.39,0.7709999999999999,0.316,7.01e-11,3.9500000000000005e-05,0.0,0.0,1.0,1.0
358,44.666666666666664,0.0312,0.0016300000000000002,0.0638,0.0449,0.89,0.82,0.23,6.409999999999999e-31,3.14e-05,0.0,0.0,1.0,1.0
359,108.99999999999999,0.0424,0.00217,0.0262,0.0458,1.48,0.853,0.353,3.2399999999999997e-19,1.1599999999999999e-05,0.0,0.0,1.0,1.0
360,61.0,0.028,0.0034,0.0256,0.0473,0.66,0.7709999999999999,0.19699999999999998,2.97e-14,4e-05,0.0,0.0,1.0,1.0
361,93.33333333333333,0.0343,0.00105,0.03,0.0885,0.687,0.722,0.0,2.3600000000000002e-07,0.0,0.131,1.6300000000000002e-07,2.0,0.0
362,46.99999999999999,0.0673,0.00133,0.0214,0.0754,0.713,0.066,0.0,1.38e-06,0.0,0.0,0.0,1.0,0.0
363,12.433333333333332,0.0328,0.008490000000000001,0.0926,0.0338,1.09,0.628,0.0,3.0499999999999995e-08,0.0,0.0,0.0,1.0,0.0
364,115.33333333333333,0.073,0.00895,0.0901,0.0427,1.17,0.7959999999999999,0.29100000000000004,1.4499999999999998e-21,2.7399999999999995e-05,0.0,0.0,1.0,1.0
365,39.666666666666664,0.025,0.00251,0.0486,0.0466,0.59,0.775,0.028999999999999998,9.96e-18,4.8899999999999996e-05,0.0,0.0,1.0,1.0
366,105.33333333333334,0.0181,0.00733,0.0864,0.0535,1.38,0.792,0.168,1.48e-22,4.5299999999999997e-05,0.0,0.0,1.0,1.0
367,18.766666666666662,0.0151,0.008320000000000001,0.0172,0.0327,0.56,0.644,0.0,7.8e-09,0.0,0.0,0.0,1.0,0.0
368,60.666666666666664,0.0583,0.00547,0.0401,0.0482,1.46,0.6970000000000001,0.025,1.5399999999999997e-13,5.18e-05,0.0,0.0,1.0,1.0
369,109.66666666666667,0.0976,0.00797,0.0491,0.0767,0.9520000000000001,0.669,0.0,2.17e-07,0.0,0.0,0.0,1.0,0.0
370,87.66666666666666,0.0886,0.00585,0.0128,0.0377,1.19,0.742,0.275,1.93e-10,2.09e-05,0.0,0.0,1.0,1.0
371,66.66666666666667,0.0275,0.00402,0.0346,0.0285,1.04,0.767,0.271,3.48e-17,6.41e-06,0.0,0.0,1.0,1.0
372,115.66666666666667,0.0841,0.000682,0.0354,0.0793,1.18,1.0170000000000001,0.48,1.1599999999999998e-22,2.72e-05,0.0,0.0,1.0,1.0
373,83.66666666666666,0.097,0.00439,0.011,0.0326,1.13,0.726,0.29100000000000004,6.52e-11,9.16e-06,0.0,0.0,1.0,1.0
374,68.0,0.033,0.000145,0.0354,0.0932,0.8390000000000001,0.9309999999999999,0.0,2.37e-10,0.0,0.053,9.63e-07,2.0,0.0
375,106.66666666666667,0.0722,0.009640000000000001,0.015,0.029,1.38,0.726,0.304,7.490000000000001e-11,8.15e-06,0.0,0.0,1.0,1.0
376,104.33333333333331,0.0396,0.00903,0.034,0.0435,0.738,0.755,0.23800000000000002,5.14e-13,3.53e-05,0.0,0.0,1.0,1.0
377,90.0,0.014,0.00293,0.0916,0.0736,1.06,0.6970000000000001,0.0,6.43e-08,0.0,0.0,0.0,1.0,0.0
378,49.33333333333333,0.0459,0.00451,0.0788,0.0426,0.976,0.775,0.18,1.44e-24,4.09e-05,0.0,0.0,1.0,1.0
379,55.33333333333333,0.0369,0.008409999999999999,0.083,0.0255,1.11,0.742,0.23,1.49e-19,1.4599999999999999e-05,0.0,0.0,1.0,1.0
380,53.333333333333336,0.0868,0.00215,0.0964,0.0744,1.43,0.685,0.0,2.22e-06,0.0,0.0,0.0,1.0,0.0
381,101.33333333333334,0.0646,0.00491,0.0961,0.0698,1.17,0.792,0.0,1.34e-07,0.0,0.0,0.0,1.0,0.0
382,86.33333333333333,0.0552,0.0016600000000000002,0.0327,0.0352,0.73,0.845,0.34,1.18e-13,3.23e-06,0.0,0.0,1.0,1.0
383,93.66666666666666,0.0149,0.00517,0.0254,0.0267,0.5770000000000001,0.7959999999999999,0.32,2.59e-15,2.18e-06,0.0,0.0,1.0,1.0
384,97.0,0.0797,0.00967,0.0145,0.0596,0.96,0.6729999999999999,0.0,3.6e-08,0.0,0.0,0.0,1.0,0.0
385,91.66666666666667,0.0412,0.00141,0.0012900000000000001,0.0739,0.5670000000000001,0.669,0.0,1.26e-07,0.0,0.0,0.0,1.0,0.0
386,116.66666666666666,0.0387,0.00703,0.0757,0.0482,1.34,0.804,0.271,6.13e-23,3.229999999999999e-05,0.0,0.0,1.0,1.0
387,78.0,0.0334,0.00613,0.0118,0.074,1.09,0.09,0.0,5.44e-07,0.0,0.0,0.0,1.0,0.0
388,90.33333333333333,0.0106,0.00607,0.057,0.0475,0.885,0.7829999999999999,0.217,7.47e-20,3.8799999999999994e-05,0.0,0.0,1.0,1.0
389,42.0,0.0492,0.0077599999999999995,0.0505,0.0387,0.996,0.7140000000000001,0.0,5.739999999999999e-13,0.0,0.0,0.0,1.0,0.0
390,113.33333333333331,0.0134,0.007520000000000001,0.0662,0.0764,1.26,0.098,0.0,1.55e-07,0.0,0.0,0.0,1.0,0.0
391,50.333333333333336,0.0905,0.00445,0.0418,0.0608,1.12,0.693,0.0,5.4500000000000005e-08,0.0,0.0,0.0,1.0,0.0
392,60.333333333333336,0.0736,0.004529999999999999,0.0794,0.0318,0.529,0.7879999999999999,0.262,1.6500000000000001e-25,1.4999999999999999e-05,0.0,0.0,1.0,1.0
393,95.66666666666667,0.0457,0.00798,0.0905,0.0408,1.49,0.787,0.263,6.13e-22,2.8899999999999998e-05,0.0,0.0,1.0,1.0
394,82.0,0.0191,0.00722,0.047,0.0657,1.17,0.11900000000000001,0.0,1.0900000000000001e-07,0.0,0.0,0.0,1.0,0.0
395,75.66666666666666,0.0752,0.00937,0.0869,0.033,1.14,0.763,0.25,2.1399999999999998e-18,2.42e-05,0.0,0.0,1.0,1.0
396,17.833333333333336,0.0871,0.00604,0.0671,0.0424,0.535,0.636,0.0,1.6100000000000003e-07,0.0,0.0,0.0,1.0,0.0
397,85.99999999999999,0.0333,0.00562,0.0849,0.0642,0.914,0.685,0.0,5.019999999999999e-08,0.0,0.0,0.0,1.0,0.0
398,69.33333333333334,0.066,0.00309,0.0712,0.0632,1.08,0.804,0.0,5.18e-14,0.0,0.0,0.0,1.0,0.0
399,40.333333333333336,0.0739,0.006509999999999999,0.0839,0.061,0.6829999999999999,0.062,0.0,1.97e-06,0.0,0.0,0.0,1.0,0.0
400,48.666666666666664,0.0569,0.00364,0.0568,0.0437,1.3,0.779,0.19699999999999998,9.759999999999999e-22,3.9200000000000004e-05,0.0,0.0,1.0,1.0
401,22.96666666666667,0.0345,0.00755,0.0855,0.041,0.885,0.664,0.0,6.479999999999999e-10,0.0,0.0,0.0,1.0,0.0
402,83.33333333333333,0.0733,0.006940000000000001,0.0547,0.0433,0.633,0.779,0.23800000000000002,1.03e-17,3.48e-05,0.0,0.0,1.0,1.0
403,102.66666666666667,0.0198,0.00852,0.0944,0.0709,0.623,0.115,0.0,1.97e-07,0.0,0.0,0.0,1.0,0.0
404,107.66666666666666,0.0487,0.00907,0.0593,0.0629,1.25,0.722,0.0,4.63e-09,0.0,0.0,0.0,1.0,0.0
405,93.99999999999999,0.0265,0.00168,0.0727,0.0287,1.02,0.5539999999999999,0.377,1.21e-09,3.7100000000000003e-07,0.377,1.07e-09,2.0,1.0
406,51.333333333333336,0.0109,0.006659999999999999,0.0304,0.0479,0.644,0.705,0.0,8.529999999999999e-12,0.0,0.0,0.0,1.0,0.0
407,84.0,0.0823,0.006529999999999999,0.0022,0.0405,0.546,0.619,0.242,2.05e-07,2.97e-05,0.0,0.0,1.0,1.0
408,71.0,0.0491,0.0009699999999999999,0.037,0.0615,0.785,0.898,0.312,5.0899999999999995e-19,3.21e-05,0.0,0.0,1.0,1.0
409,42.666666666666664,0.0313,0.00657,0.0828,0.0564,1.41,0.07400000000000001,0.0,4.15e-07,0.0,0.0,0.0,1.0,0.0
410,22.5,0.0857,0.00108,0.0868,0.0499,0.505,0.7509999999999999,0.098,2.27e-14,4.68e-05,0.0,0.0,1.0,1.0
411,93.33333333333333,0.0607,0.00454,0.0119,0.0675,0.6920000000000001,0.705,0.0,3.42e-08,0.0,0.0,0.0,1.0,0.0
412,42.666666666666664,0.0346,0.00826,0.075,0.0413,0.524,0.718,0.0,5.3e-15,0.0,0.0,0.0,1.0,0.0
413,98.33333333333334,0.0547,0.00734,0.0307,0.0624,0.503,0.726,0.0,7.04e-11,0.0,0.0,0.0,1.0,0.0
414,72.99999999999999,0.0211,0.00884,0.0182,0.0613,0.884,0.12300000000000001,0.0,1.11e-07,0.0,0.0,0.0,1.0,0.0
415,117.66666666666666,0.0454,0.0028,0.0618,0.0685,1.27,0.853,0.304,3.3500000000000002e-21,3.81e-05,0.0,0.0,1.0,1.0
416,94.66666666666666,0.0855,0.00036,0.022,0.0703,1.01,0.972,0.406,2.37e-16,2.11e-05,0.0,0.0,1.0,1.0
417,53.333333333333336,0.0981,0.00953,0.0578,0.0437,0.755,0.7140000000000001,0.0,1.77e-10,0.0,0.0,0.0,1.0,0.0
418,82.33333333333334,0.0772,0.004220000000000001,0.0699,0.0825,0.75,0.057,0.0,2.85e-06,0.0,0.0,0.0,1.0,0.0
419,42.99999999999999,0.0355,0.00435,0.0559,0.0578,0.736,0.6729999999999999,0.0,4.4900000000000005e-08,0.0,0.0,0.0,1.0,0.0
420,55.33333333333333,0.0422,0.00487,0.0268,0.038,1.13,0.746,0.205,1.7800000000000002e-13,3.34e-05,0.0,0.0,1.0,1.0
421,24.666666666666664,0.0253,0.0069900000000000006,0.0321,0.0487,0.903,0.066,0.0,1.59e-07,0.0,0.0,0.0,1.0,0.0
422,98.66666666666666,0.0763,0.00283,0.0575,0.0847,0.866,0.763,0.0,3.87e-07,0.0,0.0,0.0,1.0,0.0
423,82.66666666666667,0.0467,0.0040100000000000005,0.0293,0.0407,1.1,0.792,0.275,3.1800000000000004e-16,2.09e-05,0.0,0.0,1.0,1.0
424,101.33333333333334,0.0346,0.00893,0.0953,0.0637,1.28,0.726,0.0,2.85e-09,0.0,0.0,0.0,1.0,0.0
425,79.99999999999999,0.0154,0.00807,0.0434,0.0317,0.9109999999999999,0.7509999999999999,0.254,1.4300000000000002e-15,1.84e-05,0.0,0.0,1.0,1.0
426,115.00000000000001,0.0736,0.00119,0.0959,0.0935,1.34,0.993,0.42700000000000005,2.25e-07,3.41e-05,0.0,0.0,1.0,1.0
427,84.33333333333331,0.0817,0.0008380000000000001,0.0637,0.0912,1.42,0.9229999999999999,0.226,3.03e-07,3.570000000000001e-05,0.0,0.0,1.0,1.0
428,112.33333333333333,0.0165,0.00156,0.0901,0.044,1.5,0.9309999999999999,0.386,6.31e-53,6.05e-06,0.0,0.0,1.0,1.0
429,113.0,0.0296,0.0038399999999999997,0.009040000000000001,0.0986,0.653,0.066,0.0,9.709999999999999e-07,0.0,0.0,0.0,1.0,0.0
430,88.0,0.0222,0.0008470000000000001,0.0656,0.0732,0.9079999999999999,0.956,0.324,8.49e-29,3.84e-05,0.0,0.0,1.0,1.0
431,71.66666666666666,0.0107,0.00373,0.00558,0.0673,1.26,0.098,0.0,2.2e-07,0.0,0.0,0.0,1.0,0.0
432,23.833333333333332,0.0851,0.0075,0.0585,0.0358,0.5429999999999999,0.6890000000000001,0.0,7.639999999999999e-12,0.0,0.0,0.0,1.0,0.0
433,85.33333333333333,0.0779,0.00427,0.0197,0.0945,1.04,0.053,0.0,1.91e-06,0.0,0.0,0.0,1.0,0.0
434,57.666666666666664,0.063,0.0019100000000000002,0.0191,0.032,0.86,0.779,0.271,3.22e-14,6.72e-06,0.0,0.0,1.0,1.0
435,41.666666666666664,0.0892,0.005379999999999999,0.085,0.0302,0.674,0.759,0.213,4.4000000000000005e-23,2.5e-05,0.0,0.0,1.0,1.0
436,117.66666666666666,0.0322,0.0009789999999999998,0.0581,0.0835,1.13,0.9520000000000001,0.35700000000000004,6.88e-16,3.929999999999999e-05,0.0,0.0,1.0,1.0
437,114.0,0.076,0.004370000000000001,0.0618,0.0804,1.13,0.767,0.0,9.560000000000001e-08,0.0,0.0,0.0,1.0,0.0
438,54.33333333333332,0.0689,0.00555,0.0135,0.0565,1.24,0.644,0.0,1.58e-07,0.0,0.0,0.0,1.0,0.0
439,51.0,0.0235,0.0037,0.0401,0.0409,1.03,0.763,0.19699999999999998,4.469999999999999e-18,3.63e-05,0.0,0.0,1.0,1.0
440,80.33333333333333,0.0883,0.0007559999999999999,0.00863,0.0451,0.929,0.804,0.32799999999999996,2.7300000000000002e-11,7.67e-06,0.0,0.0,1.0,1.0
441,108.0,0.0524,0.0039700000000000004,0.0503,0.0668,0.715,0.73,0.0,2.3999999999999998e-11,0.0,0.0,0.0,1.0,0.0
442,35.333333333333336,0.0181,0.0061,0.0395,0.0544,0.995,0.07400000000000001,0.0,1.2e-07,0.0,0.0,0.0,1.0,0.0
443,28.666666666666668,0.0264,0.00212,0.0917,0.0279,0.955,0.759,0.19699999999999998,5.829999999999999e-39,1.6100000000000002e-05,0.0,0.0,1.0,1.0
444,65.66666666666666,0.0106,0.00022799999999999999,0.0309,0.0683,1.39,0.9470000000000001,0.332,1.8000000000000002e-16,2.94e-05,0.0,0.0,1.0,1.0
445,42.99999999999999,0.0226,0.006229999999999999,0.0685,0.0558,1.44,0.078,0.0,2e-07,0.0,0.0,0.0,1.0,0.0
447,105.0,0.0282,0.00298,0.0881,0.0597,0.759,0.882,0.308,8.050000000000001e-32,3.28e-05,0.0,0.0,1.0,1.0
448,15.966666666666665,0.0804,0.0038299999999999996,0.00624,0.038,1.11,0.435,0.0,9e-07,0.0,0.0,0.0,1.0,0.0
449,55.99999999999999,0.0943,0.00109,0.0689,0.046,0.95,0.841,0.332,3.3e-41,1.64e-05,0.0,0.0,1.0,1.0
450,70.33333333333333,0.0205,0.00881,0.0302,0.0551,1.2,0.677,0.0,1.1e-09,0.0,0.0,0.0,1.0,0.0
451,84.66666666666666,0.0687,0.0017,0.0243,0.0942,1.11,0.057,0.0,1.93e-06,0.0,0.0,0.0,1.0,0.0
452,101.0,0.0449,0.00125,0.0695,0.0532,0.672,0.9309999999999999,0.39399999999999996,2.74e-46,1.32e-05,0.0,0.0,1.0,1.0
453,55.99999999999999,0.0648,0.00554,0.0362,0.0434,0.65,0.742,0.156,7.98e-14,4.429999999999999e-05,0.0,0.0,1.0,1.0
454,116.99999999999999,0.0655,0.000475,0.0703,0.0779,1.25,0.997,0.615,6.140000000000001e-42,1.7899999999999998e-05,0.0,0.0,1.0,1.0
455,92.0,0.012,0.000698,0.0715,0.0654,0.775,0.9520000000000001,0.35700000000000004,3.38e-39,2.56e-05,0.0,0.0,1.0,1.0
456,110.0,0.0682,0.00149,0.0897,0.0403,0.593,0.9229999999999999,0.435,1.66e-09,3.11e-06,0.0,0.0,1.0,1.0
457,68.0,0.0998,0.00922,0.0315,0.0717,1.2,0.09,0.0,7.890000000000001e-07,0.0,0.0,0.0,1.0,0.0
458,28.03333333333333,0.0944,0.00417,0.00566,0.0432,0.966,0.595,0.0,4.2299999999999996e-07,0.0,0.0,0.0,1.0,0.0
459,89.66666666666666,0.0609,0.00916,0.0070599999999999994,0.0283,1.18,0.619,0.27899999999999997,3.4700000000000002e-09,1.01e-05,0.0,0.0,1.0,1.0
460,112.33333333333333,0.0873,0.00983,0.00962,0.054,0.578,0.6890000000000001,0.0,2.93e-08,0.0,0.0,0.0,1.0,0.0
461,88.66666666666667,0.0464,0.00224,0.0175,0.0626,1.25,0.8079999999999999,0.23399999999999999,1.2500000000000001e-12,4.18e-05,0.0,0.0,1.0,1.0
462,101.0,0.0958,0.00938,0.0148,0.0906,0.7340000000000001,0.078,0.0,2.18e-06,0.0,0.0,0.0,1.0,0.0
463,48.0,0.0904,0.00725,0.0767,0.0597,1.19,0.632,0.0,4.92e-07,0.0,0.0,0.0,1.0,0.0
464,79.33333333333333,0.0593,0.00115,0.0161,0.0297,1.15,0.42700000000000005,0.34,7.99e-09,5.82e-07,0.24600000000000002,8.27e-09,2.0,1.0
465,111.99999999999999,0.0431,0.00648,0.0692,0.0415,1.11,0.8079999999999999,0.304,1.8e-22,2.09e-05,0.0,0.0,1.0,1.0
466,114.33333333333333,0.0717,0.008709999999999999,0.08,0.027,0.9009999999999999,0.804,0.336,1.3699999999999998e-17,3.44e-06,0.0,0.0,1.0,1.0
467,108.99999999999999,0.0358,0.00946,0.0412,0.08,1.18,0.094,0.0,3.7299999999999997e-07,0.0,0.0,0.0,1.0,0.0
468,86.66666666666667,0.0169,0.005529999999999999,0.0984,0.0305,1.39,0.8,0.295,1.28e-28,7.72e-06,0.0,0.0,1.0,1.0
469,117.66666666666666,0.0325,0.0025,0.0925,0.0386,1.48,0.915,0.39399999999999996,3.36e-33,4.35e-06,0.0,0.0,1.0,1.0
470,42.33333333333333,0.0196,0.00025299999999999997,0.0252,0.0757,0.762,0.861,0.0,2.3399999999999998e-15,0.0,0.0,0.0,1.0,0.0
471,79.66666666666667,0.0299,0.0028399999999999996,0.0321,0.0634,1.24,0.792,0.0,3e-15,0.0,0.0,0.0,1.0,0.0
472,45.0,0.039,0.00494,0.0411,0.0307,0.8759999999999999,0.738,0.205,3.16e-16,2.47e-05,0.0,0.0,1.0,1.0
473,64.0,0.0702,0.00379,0.0557,0.078,0.608,0.053,0.0,2.26e-06,0.0,0.0,0.0,1.0,0.0
474,107.66666666666666,0.0115,0.000352,0.0989,0.0563,1.05,1.0090000000000001,0.406,3.21e-75,6.32e-06,0.0,0.0,1.0,1.0
475,34.0,0.0801,0.00854,0.00673,0.0389,0.616,0.64,0.0,3.46e-07,0.0,0.0,0.0,1.0,0.0
476,97.0,0.0774,0.00896,0.0896,0.0483,1.39,0.7509999999999999,0.213,5.42e-14,4.14e-05,0.0,0.0,1.0,1.0
477,93.99999999999999,0.0859,0.00246,0.0432,0.0505,0.951,0.857,0.349,1e-23,2.05e-05,0.0,0.0,1.0,1.0
478,62.00000000000001,0.0822,0.00314,0.0242,0.042,0.698,0.7829999999999999,0.24600000000000002,7.009999999999999e-15,2.7300000000000003e-05,0.0,0.0,1.0,1.0
479,27.46666666666667,0.0928,0.000442,0.0731,0.0385,1.14,0.8,0.25,5.93e-42,1.4800000000000002e-05,0.0,0.0,1.0,1.0
480,74.33333333333333,0.0616,0.0058200000000000005,0.0322,0.057,1.07,0.664,0.0,1.48e-08,0.0,0.0,0.0,1.0,0.0
481,40.666666666666664,0.076,0.00837,0.0668,0.0435,0.8740000000000001,0.71,0.0,7.840000000000001e-13,0.0,0.0,0.0,1.0,0.0
482,69.66666666666666,0.0982,0.00266,0.0788,0.0457,0.8240000000000001,0.8370000000000001,0.34,4.53e-34,2.09e-05,0.0,0.0,1.0,1.0
483,42.33333333333333,0.0832,0.00515,0.0827,0.0501,1.31,0.685,0.0,1.3e-08,0.0,0.0,0.0,1.0,0.0
484,46.99999999999999,0.0505,0.00845,0.0546,0.0276,0.907,0.722,0.201,1.52e-14,2.62e-05,0.0,0.0,1.0,1.0
485,51.333333333333336,0.0616,0.00245,0.00665,0.0575,0.604,0.726,0.0,5.34e-10,0.0,0.0,0.0,1.0,0.0
486,108.33333333333333,0.0547,0.00545,0.00162,0.071,0.615,0.115,0.0,2e-06,0.0,0.0,0.0,1.0,0.0
487,78.0,0.0536,0.00535,0.0297,0.0282,1.38,0.763,0.287,1.4e-14,6.05e-06,0.0,0.0,1.0,1.0
488,55.99999999999999,0.0738,0.0039,0.0538,0.0548,0.9309999999999999,0.7340000000000001,0.0,2.56e-12,0.0,0.0,0.0,1.0,0.0
489,25.133333333333333,0.0307,0.00288,0.0913,0.0362,0.735,0.7509999999999999,0.11900000000000001,2.96e-28,4.5e-05,0.0,0.0,1.0,1.0
490,96.33333333333334,0.0103,0.000302,0.00343,0.0928,1.35,0.9390000000000001,0.0,3.2100000000000004e-11,0.0,0.0,0.0,1.0,0.0
491,64.33333333333333,0.03,0.00203,0.028,0.0448,1.31,0.812,0.263,5.87e-19,2.4e-05,0.0,0.0,1.0,1.0
492,56.33333333333333,0.0623,0.00731,0.0649,0.05,0.892,0.6970000000000001,0.0,7.970000000000001e-09,0.0,0.004,2.77e-06,2.0,0.0
493,38.33333333333333,0.0213,0.00662,0.0032700000000000003,0.0473,0.934,0.098,0.0,6.01e-07,0.0,0.0,0.0,1.0,0.0
494,111.0,0.0533,0.00418,0.0484,0.0868,1.41,0.078,0.0,8.45e-07,0.0,0.0,0.0,1.0,0.0
495,113.33333333333331,0.0841,0.00315,0.0934,0.0887,1.23,0.738,0.0,1.32e-06,0.0,0.0,0.0,1.0,0.0
496,21.666666666666668,0.082,0.00498,0.0332,0.0402,1.45,0.6729999999999999,0.0,7.09e-10,0.0,0.0,0.0,1.0,0.0
497,105.33333333333334,0.0425,0.00811,0.0825,0.0803,1.38,0.057,0.0,1.43e-06,0.0,0.0,0.0,1.0,0.0
498,120.0,0.0675,0.00716,0.0213,0.0595,0.688,0.705,0.004,2.75e-10,5.08e-05,0.0,0.0,1.0,2.0
499,77.0,0.052,0.00628,0.0194,0.0721,1.06,0.098,0.0,3.88e-07,0.0,0.0,0.0,1.0,0.0
500,70.0,0.0349,0.00249,0.0217,0.0525,1.23,0.8,0.23399999999999999,1.96e-14,3.71e-05,0.0,0.0,1.0,1.0
501,35.0,0.0141,0.00442,0.0301,0.0438,1.17,0.71,0.0,1.24e-12,0.0,0.0,0.0,1.0,0.0
502,72.33333333333333,0.0872,0.000484,0.0454,0.0622,0.609,0.9229999999999999,0.39399999999999996,1.87e-27,2.0300000000000002e-05,0.0,0.0,1.0,1.0
503,18.400000000000002,0.0674,0.00971,0.0187,0.0313,0.965,0.64,0.0,3.69e-08,0.0,0.0,0.0,1.0,0.0
504,113.66666666666666,0.0732,0.0022199999999999998,0.0189,0.0264,1.43,0.418,0.414,5.23e-09,1.48e-07,0.332,3.3799999999999995e-09,2.0,1.0
505,55.666666666666664,0.0749,0.00877,0.0147,0.0768,0.626,0.053,0.0,2.34e-06,0.0,0.0,0.0,1.0,0.0
506,76.0,0.0633,0.0032,0.0605,0.0265,0.9359999999999999,0.5660000000000001,0.312,4.379999999999999e-09,1.54e-06,0.25,4.7e-09,2.0,1.0
507,63.66666666666666,0.01,0.00703,0.0696,0.0519,0.519,0.7340000000000001,0.0,2.2400000000000004e-16,0.0,0.0,0.0,1.0,0.0
508,81.0,0.0241,0.00932,0.0835,0.0364,1.44,0.759,0.23399999999999999,3.85e-18,3.05e-05,0.0,0.0,1.0,1.0
509,66.33333333333334,0.0327,0.0049700000000000005,0.0364,0.0579,1.38,0.677,0.0,6.28e-11,0.0,0.0,0.0,1.0,0.0
510,102.0,0.0537,0.0064,0.0219,0.0422,1.05,0.763,0.275,1.61e-12,2.59e-05,0.0,0.0,1.0,1.0
511,72.99999999999999,0.0611,0.00144,0.0924,0.0459,1.43,0.882,0.365,6.08e-50,1.31e-05,0.0,0.0,1.0,1.0
512,50.66666666666667,0.0507,0.00123,0.0496,0.0662,1.46,0.7340000000000001,0.0,1.67e-08,0.0,0.0,0.0,1.0,0.0
513,8.7,0.0874,0.0075,0.0836,0.0315,0.748,0.623,0.0,1.04e-07,0.0,0.0,0.0,1.0,0.0
514,10.933333333333332,0.0522,0.0037700000000000003,0.0221,0.0355,0.775,0.632,0.0,5.88e-08,0.0,0.0,0.0,1.0,0.0
515,113.0,0.0326,0.009040000000000001,0.0461,0.03,1.49,0.767,0.316,1.01e-15,7.68e-06,0.0,0.0,1.0,1.0
516,80.33333333333333,0.0414,0.00957,0.0040100000000000005,0.035,0.875,0.66,0.23,6.02e-08,2.95e-05,0.0,0.0,1.0,1.0
517,78.66666666666666,0.0137,0.00139,0.0903,0.0365,1.25,0.861,0.324,1.08e-50,4.46e-06,0.0,0.0,1.0,1.0
518,102.99999999999999,0.0528,0.0008710000000000001,0.00913,0.031,0.853,0.418,0.41,4.8100000000000006e-09,1.75e-07,0.275,4.4700000000000005e-09,2.0,1.0
519,90.66666666666666,0.083,0.007859999999999999,0.0376,0.0667,0.568,0.6970000000000001,0.0,1.59e-08,0.0,0.0,0.0,1.0,0.0
520,119.33333333333334,0.0956,0.0025800000000000003,0.0325,0.0719,0.99,0.841,0.295,1.56e-13,4.02e-05,0.0,0.0,1.0,1.0
521,29.499999999999996,0.0478,0.009340000000000001,0.0331,0.0443,0.675,0.41,0.0,7.93e-08,0.0,0.0,0.0,1.0,0.0
522,72.66666666666667,0.072,0.00199,0.0833,0.0295,1.09,0.562,0.32799999999999996,4.01e-09,1.87e-06,0.267,4.870000000000001e-09,2.0,1.0
523,108.99999999999999,0.0412,0.00491,0.0353,0.0331,1.3,0.8,0.336,4.46e-17,5.79e-06,0.0,0.0,1.0,1.0
524,99.33333333333333,0.0799,0.00331,0.0394,0.0701,1.38,0.792,0.0,6.440000000000001e-08,0.0,0.0,0.0,1.0,0.0
525,50.66666666666667,0.0608,0.00232,0.0563,0.0373,1.33,0.804,0.25,8.449999999999999e-27,1.95e-05,0.0,0.0,1.0,1.0
526,91.33333333333334,0.0799,0.00359,0.0465,0.0806,0.726,0.6890000000000001,0.0,3.34e-07,0.0,0.0,0.0,1.0,0.0
527,116.66666666666666,0.0153,0.00665,0.0257,0.0953,0.74,0.066,0.0,2.6e-07,0.0,0.0,0.0,1.0,0.0
528,100.66666666666667,0.0452,0.0038799999999999998,0.0817,0.0705,0.525,0.7140000000000001,0.0,7.67e-09,0.0,0.0,0.0,1.0,0.0
529,107.66666666666666,0.0952,0.00695,0.0485,0.0267,1.36,0.8,0.34,2.59e-13,2.44e-06,0.0,0.0,1.0,1.0
530,81.0,0.0417,0.00717,0.0631,0.0605,1.35,0.718,0.0,9.76e-09,0.0,0.0,0.0,1.0,0.0
531,93.33333333333333,0.0233,0.00642,0.0162,0.0283,0.5820000000000001,0.759,0.299,1.1100000000000001e-12,5.21e-06,0.0,0.0,1.0,1.0
532,30.366666666666664,0.0413,0.006690000000000001,0.0471,0.0484,0.835,0.29100000000000004,0.0,9.910000000000001e-08,0.0,0.0,0.0,1.0,0.0
533,112.33333333333333,0.0734,0.00128,0.0564,0.0388,1.35,0.5579999999999999,0.418,5.8099999999999996e-09,2.11e-06,0.34,6.55e-09,2.0,1.0
534,106.33333333333333,0.098,0.00763,0.0313,0.0603,1.41,0.6890000000000001,0.0,4.61e-08,0.0,0.0,0.0,1.0,0.0
535,26.900000000000002,0.0502,0.00221,0.0543,0.0526,0.94,0.73,0.0,1.15e-07,0.0,0.0,0.0,1.0,0.0
536,113.66666666666666,0.0739,0.00998,0.0536,0.0765,1.23,0.127,0.0,5.1e-07,0.0,0.0,0.0,1.0,0.0
537,30.733333333333334,0.0947,0.00656,0.0396,0.0384,1.1,0.6970000000000001,0.0,2.31e-11,0.0,0.0,0.0,1.0,0.0
538,90.0,0.0937,0.0009289999999999999,0.0943,0.0952,0.897,0.89,0.28300000000000003,6.979999999999999e-07,3.9399999999999995e-05,0.0,0.0,1.0,1.0
539,110.0,0.0694,0.00512,0.0826,0.0697,0.795,0.738,0.0,7.42e-08,0.0,0.028999999999999998,2.68e-06,2.0,0.0
540,75.0,0.0977,0.00387,0.0556,0.0344,0.92,0.804,0.299,2.11e-21,1.15e-05,0.0,0.0,1.0,1.0
541,93.0,0.0526,0.00485,0.0378,0.0728,1.06,0.71,0.0,3.06e-08,0.0,0.0,0.0,1.0,0.0
542,38.666666666666664,0.0478,0.00381,0.0291,0.0622,1.46,0.066,0.0,4.9e-07,0.0,0.0,0.0,1.0,0.0
544,94.66666666666666,0.0301,0.0027199999999999998,0.0884,0.0537,1.19,0.878,0.324,3.62e-38,2.6300000000000002e-05,0.0,0.0,1.0,1.0
545,71.33333333333334,0.0686,0.00599,0.00921,0.0582,1.32,0.652,0.0,1.8800000000000002e-07,0.0,0.0,0.0,1.0,0.0
546,85.66666666666666,0.0727,0.0035700000000000003,0.0982,0.0407,1.41,0.853,0.35700000000000004,1.25e-35,1.42e-05,0.0,0.0,1.0,1.0
547,62.00000000000001,0.0781,0.00979,0.0978,0.0568,1.17,0.701,0.0,8.040000000000001e-09,0.0,0.0,0.0,1.0,0.0
548,108.33333333333333,0.0631,0.00598,0.0255,0.0321,0.521,0.787,0.324,1.59e-14,6.71e-06,0.0,0.0,1.0,1.0
549,116.0,0.0133,0.00425,0.0939,0.0811,0.532,0.738,0.0,4.3300000000000004e-08,0.0,0.0,0.0,1.0,0.0
550,113.66666666666666,0.0163,0.00434,0.0356,0.0798,0.76,0.115,0.0,1.12e-07,0.0,0.0,0.0,1.0,0.0
551,71.0,0.0506,0.00636,0.007390000000000001,0.0527,1.27,0.669,0.0,6.440000000000001e-08,0.0,0.0,0.0,1.0,0.0
553,18.299999999999997,0.089,0.00426,0.0422,0.049,0.8420000000000001,0.057,0.0,8.09e-07,0.0,0.0,0.0,1.0,0.0
554,89.33333333333333,0.0612,0.000781,0.0352,0.0677,0.5579999999999999,0.9390000000000001,0.369,6.379999999999999e-19,2.8800000000000002e-05,0.0,0.0,1.0,1.0
555,32.766666666666666,0.0618,0.007209999999999999,0.0448,0.0336,0.763,0.705,0.0,2.1e-12,0.0,0.0,0.0,1.0,0.0
556,53.66666666666667,0.02,0.00952,0.0617,0.0319,1.16,0.722,0.18,1.95e-14,3.69e-05,0.0,0.0,1.0,1.0
557,93.99999999999999,0.0476,0.00577,0.0267,0.0341,1.19,0.767,0.295,5.05e-14,1.24e-05,0.0,0.0,1.0,1.0
558,92.0,0.0647,0.00118,0.0265,0.0943,1.47,0.057,0.0,2.09e-06,0.0,0.0,0.0,1.0,0.0
559,95.66666666666667,0.019,0.00965,0.0534,0.0363,0.986,0.755,0.254,1.1699999999999999e-15,2.64e-05,0.0,0.0,1.0,1.0
560,53.00000000000001,0.0155,0.00628,0.0387,0.0361,0.504,0.7340000000000001,0.18,1.11e-14,3.77e-05,0.0,0.0,1.0,1.0
561,117.66666666666666,0.0805,0.0055899999999999995,0.0528,0.0661,1.17,0.685,0.0,2.74e-08,0.0,0.0,0.0,1.0,0.0
562,84.0,0.0512,0.000525,0.0841,0.0433,1.35,0.562,0.39,9.58e-10,3.26e-06,0.324,4.27e-09,2.0,1.0
563,100.33333333333333,0.0508,0.00549,0.0773,0.0799,1.14,0.078,0.0,1.18e-06,0.0,0.0,0.0,1.0,0.0
564,47.666666666666664,0.0813,0.0023899999999999998,0.00979,0.0294,1.13,0.574,0.23800000000000002,4.41e-11,8.97e-06,0.0,0.0,1.0,1.0
565,101.66666666666666,0.0138,0.00143,0.0725,0.0334,0.888,0.89,0.381,2.19e-10,9.33e-07,0.0,0.0,1.0,1.0
566,91.66666666666667,0.097,0.003,0.0128,0.0552,0.82,0.7959999999999999,0.271,2.68e-11,3.4399999999999996e-05,0.0,0.0,1.0,1.0
567,95.0,0.0363,0.00562,0.0791,0.0729,1.31,0.71,0.0,6.230000000000001e-08,0.0,0.0,0.0,1.0,0.0
568,44.666666666666664,0.0773,0.0048,0.0241,0.0522,0.8190000000000001,0.6970000000000001,0.0,1.09e-09,0.0,0.0,0.0,1.0,0.0
569,68.66666666666666,0.068,0.0069700000000000005,0.0158,0.0555,1.15,0.6809999999999999,0.0,1.74e-08,0.0,0.0,0.0,1.0,0.0
570,9.633333333333333,0.0516,0.00704,0.0707,0.0309,1.02,0.636,0.0,4.66e-09,0.0,0.0,0.0,1.0,0.0
571,35.333333333333336,0.0244,0.00987,0.0911,0.033,0.978,0.705,0.0,1.62e-14,0.0,0.0,0.0,1.0,0.0
572,32.96666666666667,0.0988,0.00256,0.0258,0.0605,1.18,0.12300000000000001,0.0,5.11e-06,0.0,0.086,5.23e-07,2.0,0.0
573,78.66666666666666,0.0979,0.00869,0.0164,0.0693,0.535,0.115,0.0,7.459999999999999e-07,0.0,0.0,0.0,1.0,0.0
574,85.66666666666666,0.0628,0.0040100000000000005,0.0232,0.0885,1.48,0.057,0.0,1.42e-06,0.0,0.0,0.0,1.0,0.0
575,115.00000000000001,0.0571,0.00112,0.0371,0.0853,1.21,0.82,0.23800000000000002,2.8100000000000004e-09,4.3e-05,0.0,0.0,1.0,1.0
576,10.299999999999999,0.0679,0.00534,0.074,0.0348,0.96,0.632,0.0,1.0300000000000001e-07,0.0,0.0,0.0,1.0,0.0
577,24.366666666666667,0.0427,0.0026,0.0441,0.0417,1.2,0.7340000000000001,0.0,2.36e-15,0.0,0.0,0.0,1.0,0.0
578,9.066666666666666,0.0195,0.0024100000000000002,0.0607,0.0347,0.613,0.6729999999999999,0.0,1.75e-12,0.0,0.0,0.0,1.0,0.0
579,16.9,0.0803,0.0056,0.0571,0.0402,0.795,0.652,0.0,3.11e-08,0.0,0.0,0.0,1.0,0.0
580,36.0,0.0544,0.004,0.0467,0.0503,1.19,0.669,0.0,1.56e-08,0.0,0.0,0.0,1.0,0.0
581,72.66666666666667,0.0243,0.0063100000000000005,0.0772,0.0603,1.36,0.726,0.0,1.27e-08,0.0,0.0,0.0,1.0,0.0
582,101.66666666666666,0.0321,0.00976,0.00772,0.0776,0.9540000000000001,0.094,0.0,9.13e-07,0.0,0.0,0.0,1.0,0.0
583,58.666666666666664,0.0787,0.00228,0.0299,0.0456,1.02,0.8079999999999999,0.25,8.019999999999999e-18,2.8800000000000002e-05,0.0,0.0,1.0,1.0
584,115.66666666666667,0.0162,0.00439,0.0369,0.0931,1.06,0.057,0.0,4.05e-07,0.0,0.0,0.0,1.0,0.0
585,85.66666666666666,0.0974,0.0006490000000000001,0.0713,0.0898,1.02,0.98,0.47200000000000003,4.0899999999999996e-08,3.6200000000000006e-05,0.0,0.0,1.0,1.0
586,116.66666666666666,0.0868,0.00921,0.031,0.0851,1.33,0.10300000000000001,0.0,8.04e-07,0.0,0.0,0.0,1.0,0.0
587,118.66666666666666,0.0745,0.00248,0.0566,0.073,1.24,0.7709999999999999,0.316,7.41e-11,3.91e-05,0.0,0.0,1.0,1.0
588,115.33333333333333,0.0594,0.00785,0.0445,0.0748,1.47,0.64,0.0,1.72e-07,0.0,0.0,0.0,1.0,0.0
589,37.00000000000001,0.0546,0.000343,0.0948,0.0653,1.22,0.7829999999999999,0.361,4.4400000000000005e-12,3.3100000000000005e-05,0.025,1.04e-06,2.0,2.0
590,21.299999999999997,0.0962,0.00775,0.0207,0.0352,1.1,0.652,0.0,1.4499999999999999e-08,0.0,0.0,0.0,1.0,0.0
591,27.266666666666666,0.0838,0.00234,0.0031,0.0441,0.711,0.45899999999999996,0.0,1.96e-07,0.0,0.0,0.0,1.0,0.0
592,116.99999999999999,0.0565,0.00571,0.0821,0.0528,1.26,0.8240000000000001,0.316,3.1300000000000003e-26,3.0299999999999998e-05,0.0,0.0,1.0,1.0
593,48.0,0.0254,0.00137,0.0303,0.0617,1.31,0.7509999999999999,0.0,3.82e-14,0.0,0.0,0.0,1.0,0.0
594,73.33333333333333,0.0596,0.00859,0.0359,0.0636,0.708,0.066,0.0,3.17e-06,0.0,0.127,1.82e-07,2.0,0.0
595,38.33333333333333,0.0887,0.0052899999999999996,0.0524,0.0646,0.6579999999999999,0.057,0.0,1.76e-06,0.0,0.0,0.0,1.0,0.0
596,68.66666666666666,0.0462,0.00282,0.00195,0.0486,0.78,0.599,0.23,6.97e-08,3.4899999999999995e-05,0.0,0.0,1.0,1.0
597,13.833333333333332,0.05,0.00732,0.029,0.0308,1.15,0.648,0.0,1.95e-09,0.0,0.0,0.0,1.0,0.0
598,114.0,0.0595,0.0048200000000000005,0.0184,0.0766,0.706,0.693,0.0,6.18e-08,0.0,0.0,0.0,1.0,0.0
599,49.0,0.036,0.00157,0.0747,0.068,1.12,0.82,0.0,3.99e-08,0.0,0.0,0.0,1.0,0.0
600,49.99999999999999,0.0244,0.007790000000000001,0.007809999999999999,0.0375,1.31,0.669,0.09,1.42e-08,4.77e-05,0.0,0.0,1.0,1.0
601,87.66666666666666,0.0367,0.006540000000000001,0.00294,0.0263,0.848,0.47600000000000003,0.299,4.3e-09,3.91e-06,0.0,0.0,1.0,1.0
602,53.66666666666667,0.0607,0.00411,0.0749,0.0492,0.627,0.779,0.14400000000000002,6.27e-21,4.6e-05,0.0,0.0,1.0,1.0
603,92.0,0.0951,0.00223,0.0196,0.0717,1.18,0.7829999999999999,0.0,9.189999999999999e-10,0.0,0.0,0.0,1.0,0.0
604,57.666666666666664,0.0697,0.0071200000000000005,0.0469,0.0277,0.5329999999999999,0.742,0.23399999999999999,9.619999999999999e-16,1.59e-05,0.0,0.0,1.0,1.0
605,40.333333333333336,0.0496,0.00944,0.0104,0.0616,0.6459999999999999,0.053,0.0,1.78e-06,0.0,0.0,0.0,1.0,0.0
606,66.99999999999999,0.0853,0.0072299999999999994,0.0312,0.0335,1.0,0.742,0.23399999999999999,1.28e-12,2.5e-05,0.0,0.0,1.0,1.0
607,30.166666666666668,0.0909,0.0081,0.0682,0.0299,0.6659999999999999,0.71,0.11900000000000001,7.05e-14,4.51e-05,0.0,0.0,1.0,1.0
608,109.66666666666667,0.0281,0.00687,0.0599,0.0333,0.85,0.792,0.312,6.7000000000000005e-21,9.83e-06,0.0,0.0,1.0,1.0
609,106.33333333333333,0.0252,0.007409999999999999,0.051,0.0682,1.43,0.7140000000000001,0.0,1.0400000000000001e-09,0.0,0.0,0.0,1.0,0.0
610,101.33333333333334,0.0688,0.00855,0.0175,0.059,1.16,0.6970000000000001,0.0,3.37e-09,0.0,0.0,0.0,1.0,0.0
611,111.99999999999999,0.0893,0.0037799999999999995,0.0225,0.0304,0.863,0.8240000000000001,0.365,5.23e-13,1.72e-06,0.0,0.0,1.0,1.0
612,78.66666666666666,0.099,0.004070000000000001,0.0295,0.0838,0.773,0.08199999999999999,0.0,9.759999999999998e-07,0.0,0.0,0.0,1.0,0.0
613,76.33333333333333,0.043,0.00484,0.0449,0.0656,0.813,0.726,0.0,3.96e-08,0.0,0.0,0.0,1.0,0.0
614,78.33333333333334,0.0688,0.007690000000000001,0.0389,0.0489,0.73,0.7340000000000001,0.10300000000000001,8.49e-13,4.7600000000000005e-05,0.0,0.0,1.0,1.0
615,84.66666666666666,0.017,0.008020000000000001,0.0766,0.0396,1.36,0.767,0.23,1.07e-19,3.2500000000000004e-05,0.0,0.0,1.0,1.0
616,50.333333333333336,0.0295,0.0050799999999999994,0.0516,0.0507,0.988,0.738,0.0,2.7e-16,0.0,0.0,0.0,1.0,0.0
617,82.33333333333334,0.0953,0.00288,0.0746,0.0773,0.804,0.8,0.0,4.8e-07,0.0,0.0,0.0,1.0,0.0
618,100.66666666666667,0.0984,0.004379999999999999,0.0435,0.0406,1.07,0.812,0.336,2.2000000000000003e-19,1.4800000000000002e-05,0.0,0.0,1.0,1.0
619,102.33333333333333,0.0251,0.00361,0.0165,0.0872,0.774,0.09,0.0,2.65e-07,0.0,0.0,0.0,1.0,0.0
620,93.66666666666666,0.0849,0.00387,0.0515,0.0774,0.715,0.7709999999999999,0.0,1.28e-07,0.0,0.0,0.0,1.0,0.0
621,67.66666666666666,0.0728,0.00795,0.0838,0.069,1.4,0.078,0.0,1.46e-06,0.0,0.0,0.0,1.0,0.0
622,78.0,0.0784,0.0018899999999999998,0.0186,0.0888,0.624,0.07400000000000001,0.0,1.54e-06,0.0,0.0,0.0,1.0,0.0
623,66.66666666666667,0.0994,0.0028699999999999997,0.0639,0.0689,1.2,0.8079999999999999,0.0,1.31e-07,0.0,0.0,0.0,1.0,0.0
624,69.0,0.0955,0.000277,0.00855,0.063,1.32,0.865,0.336,9.11e-10,2.2e-05,0.0,0.0,1.0,1.0
625,110.33333333333334,0.0598,0.00783,0.0941,0.0813,1.46,0.066,0.0,2e-06,0.0,0.0,0.0,1.0,0.0
626,84.33333333333331,0.0521,0.00908,0.0931,0.0584,1.25,0.718,0.0,1.0499999999999999e-09,0.0,0.0,0.0,1.0,0.0
627,15.9,0.0237,0.00134,0.0213,0.0281,1.04,0.611,0.14400000000000002,5.27e-16,2.8499999999999998e-05,0.0,0.0,1.0,1.0
628,32.300000000000004,0.067,0.00064,0.0398,0.0635,1.22,0.8370000000000001,0.0,7.43e-08,0.0,0.0,0.0,1.0,0.0
629,71.33333333333334,0.0572,0.0061600000000000005,0.0829,0.0399,0.9670000000000001,0.7879999999999999,0.242,1.58e-23,3.09e-05,0.0,0.0,1.0,1.0
630,68.0,0.0548,0.00564,0.0675,0.04,0.879,0.7829999999999999,0.23399999999999999,1.32e-21,3.13e-05,0.0,0.0,1.0,1.0
631,88.0,0.0897,0.0029,0.0501,0.0703,1.2,0.726,0.0,1.6799999999999998e-08,0.0,0.0,0.0,1.0,0.0
632,18.966666666666665,0.0877,0.0069099999999999995,0.0991,0.0359,0.975,0.685,0.0,4.9e-14,0.0,0.0,0.0,1.0,0.0
633,90.66666666666666,0.0659,0.0026,0.0786,0.0367,0.956,0.857,0.35700000000000004,5.329999999999999e-29,6.28e-06,0.0,0.0,1.0,1.0
634,79.0,0.0377,0.005520000000000001,0.0266,0.0842,1.04,0.062,0.0,6.76e-07,0.0,0.0,0.0,1.0,0.0
635,99.99999999999999,0.0385,0.009179999999999999,0.0661,0.0287,0.998,0.775,0.304,1.4200000000000001e-18,8.22e-06,0.0,0.0,1.0,1.0
636,32.4,0.0157,0.0017,0.0472,0.0348,1.48,0.767,0.193,3.44e-26,2.52e-05,0.0,0.0,1.0,1.0
637,35.333333333333336,0.0463,0.00172,0.0382,0.0302,1.15,0.767,0.217,1.7899999999999997e-21,1.27e-05,0.0,0.0,1.0,1.0
638,16.733333333333334,0.0919,0.0082,0.0657,0.0298,0.51,0.6729999999999999,0.0,2.1e-11,0.0,0.0,0.0,1.0,0.0
639,58.33333333333333,0.0862,0.007490000000000001,0.0489,0.0735,0.937,0.062,0.0,1.7e-06,0.0,0.0,0.0,1.0,0.0
640,64.66666666666667,0.0421,0.008620000000000001,0.0201,0.068,1.24,0.086,0.0,4.34e-07,0.0,0.0,0.0,1.0,0.0
641,72.0,0.0632,0.00179,0.078,0.0323,0.948,0.845,0.324,1.45e-09,3.23e-06,0.0,0.0,1.0,1.0
642,51.666666666666664,0.0169,0.007559999999999999,0.0462,0.0429,0.597,0.722,0.0,2.9e-13,0.0,0.0,0.0,1.0,0.0
643,118.66666666666666,0.0865,0.005,0.0314,0.0455,1.38,0.804,0.32799999999999996,4.59e-16,2.0300000000000002e-05,0.0,0.0,1.0,1.0
644,52.0,0.0967,0.0059700000000000005,0.0539,0.0658,0.6759999999999999,0.086,0.0,7.67e-07,0.0,0.0,0.0,1.0,0.0
645,81.66666666666666,0.092,0.00966,0.0981,0.0651,0.648,0.693,0.0,1.49e-07,0.0,0.0,0.0,1.0,0.0
646,76.33333333333333,0.0436,0.00457,0.0755,0.0591,1.27,0.7959999999999999,0.0,3.63e-14,0.0,0.0,0.0,1.0,0.0
647,86.66666666666667,0.0691,0.00579,0.046,0.0411,0.725,0.7829999999999999,0.267,7.61e-18,2.64e-05,0.0,0.0,1.0,1.0
648,104.0,0.0883,0.0058,0.061,0.0393,0.507,0.812,0.32799999999999996,4.85e-22,1.64e-05,0.0,0.0,1.0,1.0
649,63.66666666666666,0.0373,0.00114,0.0281,0.0291,0.856,0.47600000000000003,0.312,6.18e-09,1.07e-06,0.23800000000000002,5.91e-09,2.0,1.0
650,18.700000000000003,0.0971,0.00185,0.0892,0.0313,0.9570000000000001,0.742,0.168,6.23e-36,3.18e-05,0.0,0.0,1.0,1.0
651,99.0,0.0703,0.00656,0.0862,0.083,1.12,0.057,0.0,2.74e-06,0.0,0.0,0.0,1.0,0.0
652,28.5,0.0784,0.000814,0.0031899999999999997,0.0256,1.4,0.39,0.213,4.56e-09,3.05e-06,0.0,0.0,1.0,1.0
653,104.0,0.0287,0.00633,0.0933,0.0791,0.875,0.066,0.0,9.72e-07,0.0,0.0,0.0,1.0,0.0
654,53.00000000000001,0.0604,0.00818,0.049,0.0301,1.41,0.726,0.209,7.99e-14,2.78e-05,0.0,0.0,1.0,1.0
655,111.33333333333333,0.0789,0.00197,0.0544,0.0675,0.75,0.9229999999999999,0.373,2.49e-22,3.15e-05,0.0,0.0,1.0,1.0
656,68.33333333333333,0.0121,0.00409,0.0367,0.0483,1.1,0.7709999999999999,0.193,5.84e-17,4.15e-05,0.0,0.0,1.0,1.0
657,28.566666666666663,0.023,0.00782,0.0703,0.0314,0.981,0.701,0.0,2.59e-14,0.0,0.0,0.0,1.0,0.0
658,116.33333333333334,0.0218,0.009,0.0227,0.0942,1.18,0.057,0.0,5.660000000000001e-07,0.0,0.0,0.0,1.0,0.0
659,95.33333333333333,0.0718,0.00747,0.0176,0.0261,0.77,0.755,0.308,5.740000000000001e-12,3.73e-06,0.0,0.0,1.0,1.0
660,60.333333333333336,0.0399,0.00461,0.0506,0.0565,1.48,0.66,0.0,1.66e-08,0.0,0.0,0.0,1.0,0.0
661,55.0,0.0373,0.0059,0.0983,0.0623,0.733,0.201,0.0,1.63e-06,0.0,0.115,5e-07,2.0,0.0
662,84.0,0.0112,0.00231,0.0686,0.0448,0.893,0.845,0.299,1.57e-36,1.82e-05,0.0,0.0,1.0,1.0
663,90.0,0.0823,0.00536,0.084,0.0269,0.807,0.82,0.324,6.1700000000000005e-15,2.62e-06,0.0,0.0,1.0,1.0
664,114.66666666666667,0.0701,0.00645,0.0198,0.0868,0.675,0.107,0.0,6.070000000000001e-07,0.0,0.0,0.0,1.0,0.0
665,109.66666666666667,0.0806,0.000426,0.0294,0.0828,0.935,1.038,0.47600000000000003,4.59e-20,2.8100000000000002e-05,0.0,0.0,1.0,1.0
666,76.33333333333333,0.0532,0.0060799999999999995,0.0192,0.0412,0.8079999999999999,0.746,0.226,1.72e-11,3.3100000000000005e-05,0.0,0.0,1.0,1.0
667,20.833333333333332,0.0664,0.0007639999999999999,0.0137,0.0337,0.985,0.595,0.17600000000000002,1.2e-13,2.46e-05,0.0,0.0,1.0,1.0
668,106.66666666666667,0.0324,0.000995,0.00748,0.045,0.98,0.853,0.365,1.6999999999999998e-12,5.16e-06,0.0,0.0,1.0,1.0
669,105.33333333333334,0.0457,0.00481,0.094,0.0417,0.753,0.8490000000000001,0.34,1.8899999999999996e-33,1.63e-05,0.0,0.0,1.0,1.0
670,45.33333333333333,0.0239,0.00472,0.0533,0.0643,1.01,0.057,0.0,4.879999999999999e-07,0.0,0.0,0.0,1.0,0.0
671,99.33333333333333,0.0441,0.00933,0.0478,0.047,0.562,0.763,0.193,2.28e-14,4.29e-05,0.0,0.0,1.0,1.0
672,119.66666666666666,0.0494,0.0018399999999999998,0.062,0.0578,0.8809999999999999,0.927,0.39399999999999996,1.17e-35,1.88e-05,0.0,0.0,1.0,1.0
673,98.33333333333334,0.0817,0.00784,0.0436,0.0476,0.542,0.7709999999999999,0.226,6.6e-15,3.9200000000000004e-05,0.0,0.0,1.0,1.0
674,51.333333333333336,0.0342,0.00558,0.0264,0.0497,0.573,0.7140000000000001,0.0,8.14e-12,0.0,0.0,0.0,1.0,0.0
675,72.66666666666667,0.0283,0.000558,0.0232,0.0462,0.69,0.87,0.324,8.5e-21,7.98e-06,0.0,0.0,1.0,1.0
676,73.33333333333333,0.0733,0.0067599999999999995,0.0532,0.027,1.38,0.767,0.275,1.34e-16,7.62e-06,0.0,0.0,1.0,1.0
677,96.66666666666667,0.0709,0.0030399999999999997,0.0339,0.073,0.6409999999999999,0.6809999999999999,0.0,8.07e-08,0.0,0.016,3.18e-06,2.0,0.0
678,98.0,0.0937,0.00011200000000000001,0.0999,0.0663,0.652,0.111,0.623,1.37e-07,7.06e-06,0.8370000000000001,1.8000000000000002e-20,2.0,1.0
679,21.766666666666666,0.0534,0.0018399999999999998,0.0298,0.047,0.501,0.73,0.0,2.42e-16,0.0,0.0,0.0,1.0,0.0
680,80.66666666666667,0.0829,0.0011099999999999999,0.095,0.0585,0.922,0.919,0.484,1.7699999999999998e-49,1.82e-05,0.0,0.0,1.0,1.0
681,27.099999999999998,0.0923,0.00046699999999999997,0.0683,0.057,1.48,0.7959999999999999,0.29100000000000004,2.33e-14,3.6099999999999997e-05,0.0,0.0,1.0,1.0
682,64.66666666666667,0.0747,0.00355,0.025,0.0733,1.12,0.09,0.0,5.21e-07,0.0,0.0,0.0,1.0,0.0
683,46.0,0.07,0.00279,0.0233,0.05,1.34,0.722,0.0,6.97e-12,0.0,0.0,0.0,1.0,0.0
684,92.33333333333333,0.0969,0.0027,0.0975,0.0474,1.23,0.878,0.414,1.48e-42,1.55e-05,0.0,0.0,1.0,1.0
685,79.0,0.0571,0.00325,0.0444,0.0593,1.44,0.705,0.17600000000000002,5.93e-12,4.46e-05,0.0,0.0,1.0,1.0
686,68.66666666666666,0.0217,0.0015199999999999999,0.00607,0.0335,1.16,0.615,0.295,1.6699999999999998e-11,4.27e-06,0.0,0.0,1.0,1.0
687,77.66666666666666,0.0246,0.00425,0.0576,0.0778,0.9329999999999999,0.057,0.0,7.23e-07,0.0,0.0,0.0,1.0,0.0
689,40.666666666666664,0.0117,0.00972,0.0155,0.0277,0.938,0.677,0.16,5.97e-10,3.72e-05,0.0,0.0,1.0,1.0
690,81.33333333333333,0.0144,0.00678,0.087,0.0702,0.862,0.078,0.0,2.93e-07,0.0,0.0,0.0,1.0,0.0
691,76.66666666666666,0.0898,0.0044,0.0133,0.0273,1.02,0.66,0.287,8.7e-12,3.65e-06,0.0,0.0,1.0,1.0
692,106.00000000000001,0.0334,0.000805,0.008879999999999999,0.069,1.16,0.898,0.35700000000000004,2.92e-11,2.8199999999999998e-05,0.0,0.0,1.0,1.0
693,74.00000000000001,0.0538,0.00107,0.0934,0.0586,1.29,0.915,0.406,4.5299999999999994e-45,2.23e-05,0.0,0.0,1.0,1.0
694,57.666666666666664,0.026,0.00743,0.0684,0.0525,0.8370000000000001,0.718,0.0,3.9e-14,0.0,0.0,0.0,1.0,0.0
695,117.33333333333333,0.0983,0.0044399999999999995,0.0937,0.0282,1.05,0.5579999999999999,0.406,3.6599999999999998e-09,1.03e-06,0.29100000000000004,4.020000000000001e-09,2.0,1.0
696,23.166666666666664,0.0204,0.00447,0.0795,0.0325,0.62,0.718,0.0,1.35e-20,0.0,0.0,0.0,1.0,0.0
697,71.66666666666666,0.064,0.00548,0.0132,0.0644,0.703,0.365,0.0,2.3199999999999999e-07,0.0,0.0,0.0,1.0,0.0
698,60.666666666666664,0.0229,0.00642,0.0466,0.0328,1.47,0.742,0.226,4.639999999999999e-16,2.52e-05,0.0,0.0,1.0,1.0
699,55.0,0.0759,0.0007059999999999999,0.0813,0.0668,1.23,0.8740000000000001,0.47600000000000003,6.59e-33,3.1e-05,0.0,0.0,1.0,1.0
700,20.566666666666663,0.0635,0.00162,0.0509,0.0471,0.955,0.701,0.0,2.7e-11,0.0,0.0,0.0,1.0,0.0
701,10.466666666666665,0.0755,0.000508,0.0655,0.043,0.941,0.7340000000000001,0.0,2.63e-08,0.0,0.0,0.0,1.0,0.0
702,15.43333333333333,0.0406,0.002,0.098,0.0295,1.21,0.7340000000000001,0.127,3.84e-36,3.85e-05,0.0,0.0,1.0,1.0
703,29.133333333333336,0.0955,0.00155,0.0816,0.0546,1.5,0.7959999999999999,0.0,8.039999999999999e-08,0.0,0.0,0.0,1.0,0.0
704,108.33333333333333,0.0376,0.00055,0.0345,0.0994,0.513,0.9840000000000001,0.0,3.11e-07,0.0,0.0,0.0,1.0,0.0
705,104.66666666666666,0.0209,0.0021,0.0728,0.0866,0.7,0.8079999999999999,0.0,9.1e-08,0.0,0.0,0.0,1.0,0.0
706,112.66666666666666,0.0695,0.0029100000000000003,0.0127,0.0988,0.721,0.08199999999999999,0.0,1.38e-06,0.0,0.0,0.0,1.0,0.0
707,26.233333333333334,0.0718,0.00259,0.0677,0.0531,1.2,0.6970000000000001,0.0,2.46e-07,0.0,0.0,0.0,1.0,0.0
708,84.33333333333331,0.0629,0.008740000000000001,0.0908,0.0292,1.31,0.7709999999999999,0.28300000000000003,5.5600000000000006e-21,1.18e-05,0.0,0.0,1.0,1.0
709,61.33333333333333,0.0193,0.00689,0.0143,0.025,0.7509999999999999,0.6890000000000001,0.242,1.62e-11,8.48e-06,0.0,0.0,1.0,1.0
710,102.0,0.0514,0.00771,0.0235,0.0613,1.26,0.71,0.0,4.4100000000000003e-10,0.0,0.0,0.0,1.0,0.0
711,21.96666666666667,0.0682,0.0059299999999999995,0.0115,0.0362,0.581,0.6559999999999999,0.0,3.76e-08,0.0,0.0,0.0,1.0,0.0
712,48.0,0.044,0.0011300000000000001,0.0807,0.0576,1.15,0.861,0.267,2.29e-30,3.85e-05,0.0,0.0,1.0,1.0
713,89.66666666666666,0.0777,0.00985,0.0368,0.0805,1.34,0.078,0.0,1.02e-06,0.0,0.0,0.0,1.0,0.0
714,51.666666666666664,0.0435,0.0097,0.0347,0.0439,1.4,0.6890000000000001,0.0,1.4e-10,0.0,0.0,0.0,1.0,0.0
715,103.33333333333333,0.0289,0.00135,0.0189,0.041,1.28,0.857,0.361,1.38e-16,4.46e-06,0.0,0.0,1.0,1.0
716,115.00000000000001,0.0833,0.00882,0.0637,0.0617,1.08,0.755,0.0,5.3600000000000004e-08,0.0,0.0,0.0,1.0,0.0
717,49.0,0.0859,0.00238,0.0888,0.0371,0.74,0.8079999999999999,0.267,1.12e-38,1.83e-05,0.0,0.0,1.0,1.0
718,87.33333333333334,0.0705,0.00479,0.0123,0.0879,0.961,0.07,0.0,1.59e-06,0.0,0.0,0.0,1.0,0.0
719,58.33333333333333,0.0938,0.00718,0.0406,0.0431,1.09,0.722,0.139,1.8700000000000003e-12,4.59e-05,0.0,0.0,1.0,1.0
720,74.66666666666667,0.0202,0.00882,0.0342,0.0478,0.511,0.722,0.0,9.92e-12,0.0,0.0,0.0,1.0,0.0
721,107.33333333333334,0.038,0.009170000000000001,0.0384,0.0383,1.25,0.763,0.275,7.52e-14,2.48e-05,0.0,0.0,1.0,1.0
722,69.66666666666666,0.0465,0.0019399999999999999,0.0381,0.0749,0.8220000000000001,0.7879999999999999,0.0,1.42e-07,0.0,0.0,0.0,1.0,0.0
723,62.333333333333336,0.0892,0.00635,0.0547,0.0628,1.22,0.6890000000000001,0.0,7.26e-08,0.0,0.0,0.0,1.0,0.0
724,88.99999999999999,0.0636,0.0043,0.0616,0.0428,1.02,0.812,0.304,2.8700000000000003e-24,2.14e-05,0.0,0.0,1.0,1.0
725,37.333333333333336,0.0741,0.00521,0.0248,0.0612,0.741,0.07400000000000001,0.0,5.37e-07,0.0,0.0,0.0,1.0,0.0
726,39.0,0.0419,0.0013599999999999999,0.00145,0.036,1.15,0.369,0.217,2.23e-08,1.87e-05,0.0,0.0,1.0,1.0
727,27.833333333333332,0.0903,0.00278,0.00451,0.0485,1.37,0.49200000000000005,0.0,1.23e-06,0.0,0.0,0.0,1.0,0.0
728,115.66666666666667,0.0566,0.0067,0.0166,0.0592,1.35,0.718,0.037000000000000005,5.820000000000001e-10,5.19e-05,0.0,0.0,1.0,1.0
729,46.666666666666664,0.0796,0.00731,0.075,0.0404,0.935,0.7340000000000001,0.10300000000000001,4.0299999999999997e-17,4.72e-05,0.0,0.0,1.0,1.0
730,58.99999999999999,0.0758,0.00275,0.0453,0.0363,1.47,0.804,0.262,1.74e-21,1.62e-05,0.0,0.0,1.0,1.0
731,106.00000000000001,0.0535,0.00040899999999999997,0.0217,0.0477,0.606,0.562,0.39399999999999996,1.28e-08,3.09e-06,0.336,9.670000000000002e-09,2.0,1.0
732,99.99999999999999,0.0869,0.005370000000000001,0.0451,0.0377,1.01,0.8,0.316,3.68e-18,1.4599999999999999e-05,0.0,0.0,1.0,1.0
733,34.0,0.0392,0.00868,0.045,0.0266,0.591,0.701,0.152,2.13e-12,3.68e-05,0.0,0.0,1.0,1.0
734,115.33333333333333,0.0304,0.00847,0.0925,0.0452,1.49,0.8,0.263,1.6700000000000001e-22,3.24e-05,0.0,0.0,1.0,1.0
735,90.33333333333333,0.0526,0.00243,0.0194,0.0785,0.97,0.7340000000000001,0.0,4.3899999999999996e-08,0.0,0.0,0.0,1.0,0.0
736,61.666666666666664,0.0805,0.00176,0.0358,0.0762,1.08,0.7340000000000001,0.0,3.13e-07,0.0,0.0,0.0,1.0,0.0
737,59.33333333333333,0.0148,0.00632,0.0502,0.0666,1.16,0.07,0.0,1.8600000000000002e-07,0.0,0.0,0.0,1.0,0.0
738,69.0,0.0628,0.00793,0.0475,0.0383,0.605,0.746,0.213,1.06e-14,3.5600000000000005e-05,0.0,0.0,1.0,1.0
739,118.66666666666666,0.0415,0.00232,0.0439,0.048,1.12,0.882,0.369,1.0500000000000002e-26,1.24e-05,0.0,0.0,1.0,1.0
740,65.66666666666666,0.0863,0.007529999999999999,0.0212,0.0465,1.1,0.71,0.0,5.29e-10,0.0,0.0,0.0,1.0,0.0
741,88.0,0.0698,0.000286,0.0452,0.0569,0.987,0.935,0.402,2.0799999999999997e-18,8.22e-06,0.0,0.0,1.0,1.0
742,114.66666666666667,0.0337,0.00912,0.0383,0.0743,0.629,0.135,0.0,1.8399999999999998e-07,0.0,0.0,0.0,1.0,0.0
743,25.5,0.0986,0.00292,0.0061600000000000005,0.0467,0.518,0.66,0.0,4.48e-07,0.0,0.0,0.0,1.0,0.0
744,105.0,0.071,0.00958,0.042,0.0625,0.887,0.7140000000000001,0.0,6.470000000000001e-11,0.0,0.0,0.0,1.0,0.0
745,73.66666666666667,0.0401,0.0017699999999999999,0.0929,0.037,1.08,0.857,0.324,3.7999999999999995e-42,6.87e-06,0.0,0.0,1.0,1.0
746,17.566666666666666,0.0756,0.00817,0.0185,0.0322,1.23,0.644,0.0,3.14e-08,0.0,0.0,0.0,1.0,0.0
747,68.66666666666666,0.0643,0.00305,0.0456,0.0285,0.752,0.804,0.29100000000000004,6.57e-16,3.53e-06,0.0,0.0,1.0,1.0
748,97.33333333333333,0.088,0.00592,0.00715,0.0562,0.92,0.701,0.131,2.23e-08,4.6899999999999995e-05,0.0,0.0,1.0,1.0
749,104.0,0.0936,0.0016,0.0249,0.0582,1.11,0.8859999999999999,0.365,3.36e-18,2.1899999999999997e-05,0.0,0.0,1.0,1.0
750,42.33333333333333,0.078,0.00346,0.0586,0.056,0.5660000000000001,0.742,0.0,5.88e-08,0.0,0.0,0.0,1.0,0.0
751,53.333333333333336,0.094,0.00018700000000000002,0.0577,0.0467,0.506,0.57,0.336,1.1899999999999999e-08,6.6e-06,0.28300000000000003,8.62e-09,2.0,1.0
752,52.0,0.0651,0.0018800000000000002,0.0739,0.056,1.47,0.8240000000000001,0.258,2.64e-26,3.86e-05,0.0,0.0,1.0,1.0
753,101.66666666666666,0.0504,0.00476,0.0193,0.0485,1.25,0.779,0.271,8.229999999999999e-13,3.01e-05,0.0,0.0,1.0,1.0
754,72.33333333333333,0.0613,0.00872,0.0555,0.067,0.767,0.10300000000000001,0.0,3.98e-07,0.0,0.0,0.0,1.0,0.0
755,88.99999999999999,0.0979,0.00262,0.0123,0.0328,0.8340000000000001,0.7879999999999999,0.324,3.9800000000000004e-12,3.73e-06,0.0,0.0,1.0,1.0
756,96.0,0.0231,0.00543,0.0894,0.0645,0.555,0.701,0.0,3.3799999999999997e-10,0.0,0.0,0.0,1.0,0.0
757,80.33333333333333,0.0751,0.0024100000000000002,0.0764,0.0699,1.13,0.759,0.24600000000000002,6.13e-11,4.22e-05,0.0,0.0,1.0,1.0
758,118.33333333333331,0.0163,0.00257,0.02,0.0366,1.24,0.833,0.369,2.6600000000000003e-16,3.47e-06,0.0,0.0,1.0,1.0
759,84.0,0.0712,0.00474,0.0463,0.0408,0.664,0.8,0.27899999999999997,1.61e-19,2.26e-05,0.0,0.0,1.0,1.0
760,96.66666666666667,0.0839,0.00948,0.0797,0.0708,0.8909999999999999,0.6809999999999999,0.0,1.68e-07,0.0,0.0,0.0,1.0,0.0
761,88.99999999999999,0.0487,0.00735,0.0218,0.0574,1.27,0.71,0.0,3.9300000000000004e-10,0.0,0.0,0.0,1.0,0.0
762,101.0,0.0913,0.0043,0.0453,0.0356,0.536,0.8240000000000001,0.34,1.6000000000000002e-19,8.38e-06,0.0,0.0,1.0,1.0
763,105.33333333333334,0.0927,0.00343,0.063,0.092,0.638,0.062,0.0,3.69e-06,0.0,0.0,0.0,1.0,0.0
764,84.66666666666666,0.0208,0.00978,0.0334,0.0421,0.69,0.73,0.17600000000000002,4.62e-12,4.3200000000000007e-05,0.0,0.0,1.0,1.0
765,108.0,0.0361,0.0037799999999999995,0.0609,0.0625,1.07,0.726,0.23800000000000002,8.26e-15,4.14e-05,0.0,0.0,1.0,1.0
766,70.0,0.0672,0.009609999999999999,0.00525,0.034,0.605,0.6729999999999999,0.213,6.5e-08,3.21e-05,0.0,0.0,1.0,1.0
767,103.66666666666666,0.0292,0.00981,0.0199,0.046,0.755,0.726,0.18899999999999997,1.5699999999999997e-10,4.28e-05,0.0,0.0,1.0,1.0
768,102.33333333333333,0.0159,0.00571,0.0481,0.0297,1.39,0.787,0.32,6.46e-19,4.43e-06,0.0,0.0,1.0,1.0
769,44.0,0.0331,0.007259999999999999,0.0512,0.0518,1.42,0.66,0.0,1.44e-08,0.0,0.0,0.0,1.0,0.0
770,95.0,0.0232,0.00255,0.0323,0.0822,1.4,0.086,0.0,2.4e-07,0.0,0.0,0.0,1.0,0.0
771,30.833333333333332,0.0289,0.008329999999999999,0.0717,0.0403,0.815,0.6890000000000001,0.0,1.46e-12,0.0,0.0,0.0,1.0,0.0
772,77.33333333333333,0.0959,0.009940000000000001,0.0205,0.0375,1.28,0.71,0.213,8.33e-10,3.5600000000000005e-05,0.0,0.0,1.0,1.0
773,106.00000000000001,0.0185,0.00395,0.0292,0.0882,0.7559999999999999,0.08199999999999999,0.0,2.08e-07,0.0,0.0,0.0,1.0,0.0
774,108.0,0.0621,0.0025399999999999997,0.0853,0.0573,0.9059999999999999,0.9059999999999999,0.381,4.96e-38,2.35e-05,0.0,0.0,1.0,1.0
775,51.0,0.0183,0.008440000000000001,0.0202,0.0255,1.08,0.6970000000000001,0.209,1.84e-11,1.8e-05,0.0,0.0,1.0,1.0
776,18.599999999999998,0.0791,0.00414,0.0263,0.031,1.01,0.693,0.0,2.0800000000000002e-11,0.0,0.0,0.0,1.0,0.0
777,14.400000000000002,0.0123,0.00835,0.0887,0.0275,0.953,0.669,0.0,6.57e-13,0.0,0.0,0.0,1.0,0.0
778,70.66666666666667,0.0544,0.0009130000000000001,0.0647,0.0274,0.594,0.47600000000000003,0.345,1.7699999999999999e-09,2.64e-07,0.324,1.32e-09,2.0,1.0
779,59.66666666666667,0.0484,0.00953,0.0302,0.0532,0.575,0.6729999999999999,0.0,6.57e-09,0.0,0.0,0.0,1.0,0.0
780,44.333333333333336,0.0766,0.00020299999999999997,0.0591,0.0557,0.925,0.882,0.349,2.9399999999999996e-33,1.7800000000000002e-05,0.0,0.0,1.0,1.0
781,120.0,0.0541,0.00286,0.0802,0.0414,0.8290000000000001,0.894,0.39399999999999996,6.18e-35,7.25e-06,0.0,0.0,1.0,1.0
782,66.99999999999999,0.0325,0.0033299999999999996,0.0949,0.0397,1.16,0.82,0.271,3.01e-36,2.11e-05,0.0,0.0,1.0,1.0
783,61.666666666666664,0.034,0.00156,0.0857,0.0469,1.25,0.857,0.295,3.3199999999999996e-45,2.18e-05,0.0,0.0,1.0,1.0
784,97.33333333333333,0.0421,0.0034799999999999996,0.0541,0.0726,1.08,0.6809999999999999,0.0,8.65e-08,0.0,0.098,1.14e-06,2.0,0.0
785,79.0,0.0429,0.0083,0.0558,0.0683,1.03,0.10300000000000001,0.0,3.14e-07,0.0,0.0,0.0,1.0,0.0
786,12.333333333333332,0.0579,0.0035399999999999997,0.0792,0.0368,0.8490000000000001,0.677,0.0,3.5600000000000005e-11,0.0,0.0,0.0,1.0,0.0
787,73.66666666666667,0.0532,0.00331,0.0859,0.0493,1.07,0.8290000000000001,0.287,1.7699999999999998e-31,3.02e-05,0.0,0.0,1.0,1.0
