,Planet_Mass,Epsilon,Alpha,Stokes,Aspect_Ratio,SigmaSlope,Dust_gap_1,Dust_gap_2
383,93.66666666666666,0.0149,0.00517,0.0254,0.0267,0.5770000000000001,0.7959999999999999,0.0
489,25.13333333333333,0.0307,0.00288,0.0913,0.0362,0.735,0.7509999999999999,0.0
352,114.66666666666669,0.0316,0.005220000000000001,0.021,0.0743,0.8029999999999999,0.6890000000000001,0.0
14,117.33333333333331,0.0404,0.00181,0.0648,0.0718,0.88,0.935,0.0
146,111.66666666666669,0.0656,0.00344,0.0287,0.0859,1.49,0.103,0.0
423,82.66666666666667,0.0467,0.0040100000000000005,0.0293,0.0407,1.1,0.792,0.0
758,118.33333333333331,0.0163,0.00257,0.02,0.0366,1.24,0.833,0.0
254,111.66666666666669,0.0228,0.0016699999999999998,0.00657,0.0829,1.09,0.7709999999999999,0.0
176,85.99999999999999,0.0578,0.0041,0.0835,0.0392,0.883,0.8240000000000001,0.0
232,51.33333333333334,0.0112,0.0073599999999999985,0.00517,0.0509,1.4,0.115,0.0
31,98.0,0.0249,0.0076799999999999985,0.092,0.0655,1.01,0.73,0.0
236,110.66666666666666,0.0297,0.00982,0.0899,0.0549,1.45,0.722,0.0
769,44.0,0.0331,0.007259999999999998,0.0512,0.0518,1.42,0.66,0.0
567,95.0,0.0363,0.00562,0.0791,0.0729,1.31,0.71,0.0
157,118.0,0.0844,0.008790000000000001,0.0907,0.0398,1.13,0.804,0.0
216,103.0,0.0184,0.00151,0.0698,0.0845,1.26,0.705,0.107
442,35.333333333333336,0.0181,0.0061,0.0395,0.0544,0.995,0.07400000000000001,0.0
436,117.66666666666666,0.0322,0.0009789999999999998,0.0581,0.0835,1.13,0.952,0.0
103,93.66666666666666,0.0356,0.00471,0.0289,0.0587,0.918,0.73,0.0
387,78.0,0.0334,0.00613,0.0118,0.07400000000000001,1.09,0.09,0.0
194,119.0,0.0654,0.00366,0.0533,0.0394,0.83,0.861,0.0
772,77.33333333333333,0.0959,0.00994,0.0205,0.0375,1.28,0.71,0.0
739,118.66666666666666,0.0415,0.00232,0.0439,0.048,1.12,0.882,0.0
666,76.33333333333333,0.0532,0.00608,0.0192,0.0412,0.8079999999999999,0.746,0.0
27,89.66666666666666,0.0602,0.0011,0.0382,0.0734,1.05,0.804,0.025
640,64.66666666666667,0.0421,0.008620000000000001,0.0201,0.068,1.24,0.086,0.0
532,30.366666666666664,0.0413,0.006690000000000001,0.0471,0.0484,0.835,0.29100000000000004,0.0
631,88.0,0.0897,0.0029,0.0501,0.0703,1.2,0.726,0.0
459,89.66666666666666,0.0609,0.00916,0.00706,0.0283,1.18,0.619,0.0
647,86.66666666666669,0.0691,0.00579,0.046,0.0411,0.725,0.7829999999999999,0.0
503,18.4,0.0674,0.00971,0.0187,0.0313,0.965,0.64,0.0
706,112.66666666666666,0.0695,0.0029100000000000003,0.0127,0.0988,0.721,0.08199999999999999,0.0
55,12.7,0.0306,0.00493,0.040999999999999995,0.036000000000000004,0.878,0.632,0.0
781,120.0,0.0541,0.00286,0.0802,0.0414,0.8290000000000001,0.894,0.0
639,58.33333333333333,0.0862,0.007490000000000002,0.0489,0.0735,0.937,0.062,0.0
590,21.3,0.0962,0.00775,0.0207,0.0352,1.1,0.652,0.0
786,12.333333333333332,0.0579,0.00354,0.0792,0.0368,0.8490000000000001,0.677,0.0
85,75.66666666666666,0.0958,0.00229,0.00599,0.0713,0.682,0.7140000000000001,0.0
357,111.66666666666669,0.0692,0.00169,0.0406,0.0757,1.39,0.7709999999999999,0.0
40,74.66666666666667,0.0829,0.00975,0.0526,0.066,1.45,0.115,0.0
122,99.0,0.0271,0.00892,0.0552,0.0623,1.42,0.718,0.0
363,12.433333333333332,0.0328,0.008490000000000001,0.0926,0.0338,1.09,0.628,0.0
670,45.33333333333333,0.0239,0.00472,0.0533,0.0643,1.01,0.057,0.0
75,82.0,0.0272,0.00999,0.0392,0.042,0.586,0.7340000000000001,0.0
478,62.00000000000001,0.0822,0.00314,0.0242,0.042,0.698,0.7829999999999999,0.0
8,21.866666666666664,0.0837,0.000772,0.0848,0.0633,0.904,0.369,0.0
698,60.66666666666666,0.0229,0.00642,0.0466,0.0328,1.47,0.742,0.0
240,100.33333333333331,0.0375,0.0089,0.0097,0.083,1.3,0.07,0.0
366,105.33333333333334,0.0181,0.00733,0.0864,0.0535,1.38,0.792,0.0
151,64.0,0.0298,0.008140000000000001,0.0199,0.062,1.2,0.107,0.0
286,25.966666666666665,0.0704,0.00486,0.039,0.0454,1.21,0.669,0.0
608,109.66666666666669,0.0281,0.00687,0.0599,0.0333,0.85,0.792,0.0
651,99.0,0.0703,0.00656,0.0862,0.083,1.12,0.057,0.0
487,78.0,0.0536,0.00535,0.0297,0.0282,1.38,0.763,0.0
594,73.33333333333333,0.0596,0.00859,0.0359,0.0636,0.708,0.066,0.127
410,22.5,0.0857,0.00108,0.0868,0.0499,0.505,0.7509999999999999,0.0
284,50.66666666666667,0.0477,0.00428,0.0495,0.0312,1.29,0.759,0.0
582,101.66666666666666,0.0321,0.00976,0.00772,0.0776,0.954,0.094,0.0
269,41.66666666666666,0.0575,0.000517,0.0437,0.0378,0.895,0.82,0.0
79,52.33333333333333,0.0328,0.00121,0.0793,0.0504,0.602,0.853,0.0
1,103.0,0.0558,0.0046700000000000005,0.0863,0.0452,0.946,0.845,0.0
314,99.66666666666669,0.0966,0.00101,0.007890000000000001,0.0317,1.49,0.66,0.0
485,51.33333333333334,0.0616,0.00245,0.00665,0.0575,0.604,0.726,0.0
492,56.33333333333333,0.0623,0.00731,0.0649,0.05,0.892,0.6970000000000001,0.004
680,80.66666666666667,0.0829,0.00111,0.095,0.0585,0.922,0.919,0.0
251,75.0,0.0119,0.00349,0.0789,0.0642,1.36,0.726,0.0
398,69.33333333333334,0.066,0.00309,0.0712,0.0632,1.08,0.804,0.0
623,66.66666666666667,0.0994,0.00287,0.0639,0.0689,1.2,0.8079999999999999,0.0
618,100.66666666666669,0.0984,0.004379999999999999,0.0435,0.0406,1.07,0.812,0.0
562,84.0,0.0512,0.000525,0.0841,0.0433,1.35,0.562,0.324
367,18.766666666666666,0.0151,0.008320000000000001,0.0172,0.0327,0.56,0.644,0.0
696,23.166666666666664,0.0204,0.00447,0.0795,0.0325,0.62,0.718,0.0
677,96.66666666666669,0.0709,0.00304,0.0339,0.073,0.6409999999999999,0.6809999999999999,0.016
504,113.66666666666666,0.0732,0.00222,0.0189,0.0264,1.43,0.418,0.332
648,104.0,0.0883,0.0058,0.061,0.0393,0.507,0.812,0.0
237,51.66666666666666,0.0931,0.00647,0.0781,0.026000000000000002,0.5,0.755,0.0
596,68.66666666666666,0.0462,0.00282,0.00195,0.0486,0.78,0.599,0.0
280,66.99999999999999,0.04,0.0008960000000000002,0.0863,0.0667,1.0,0.911,0.0
252,79.99999999999999,0.0916,0.00673,0.0892,0.0353,0.5489999999999999,0.792,0.0
624,69.0,0.0955,0.000277,0.00855,0.063,1.32,0.865,0.0
316,62.00000000000001,0.0257,0.00708,0.059000000000000004,0.0446,1.37,0.742,0.0
400,48.66666666666666,0.0569,0.00364,0.0568,0.0437,1.3,0.779,0.0
519,90.66666666666666,0.083,0.007859999999999999,0.0376,0.0667,0.568,0.6970000000000001,0.0
571,35.333333333333336,0.0244,0.00987,0.0911,0.033,0.978,0.705,0.0
729,46.66666666666666,0.0796,0.00731,0.075,0.0404,0.935,0.7340000000000001,0.0
364,115.33333333333331,0.073,0.00895,0.0901,0.0427,1.17,0.7959999999999999,0.0
113,31.366666666666664,0.0939,0.00222,0.032,0.0325,0.58,0.7509999999999999,0.0
414,72.99999999999999,0.0211,0.00884,0.0182,0.0613,0.884,0.123,0.0
253,107.0,0.0214,0.00807,0.069,0.0572,1.02,0.767,0.0
351,60.0,0.0283,0.00463,0.0958,0.0664,0.833,0.066,0.0
642,51.66666666666666,0.0169,0.007559999999999998,0.0462,0.0429,0.597,0.722,0.0
18,64.66666666666667,0.0826,0.004520000000000001,0.0727,0.0511,0.603,0.7959999999999999,0.0
197,29.6,0.0531,0.00302,0.0621,0.035,0.66,0.7509999999999999,0.0
426,115.0,0.0736,0.00119,0.0959,0.0935,1.34,0.993,0.0
575,115.0,0.0571,0.00112,0.0371,0.0853,1.21,0.82,0.0
294,66.33333333333334,0.0358,0.00283,0.0288,0.07,1.44,0.6559999999999999,0.0
579,16.9,0.0803,0.0056,0.0571,0.0402,0.795,0.652,0.0
370,87.66666666666666,0.0886,0.00585,0.0128,0.0377,1.19,0.742,0.0
50,57.33333333333334,0.0794,0.00406,0.0513,0.0508,1.45,0.722,0.0
272,83.33333333333333,0.0907,0.00742,0.0319,0.0707,0.745,0.119,0.0
756,96.0,0.0231,0.00543,0.0894,0.0645,0.555,0.701,0.0
765,108.0,0.0361,0.00378,0.0609,0.0625,1.07,0.726,0.0
715,103.33333333333331,0.0289,0.00135,0.0189,0.040999999999999995,1.28,0.857,0.0
416,94.66666666666666,0.0855,0.00036,0.022000000000000002,0.0703,1.01,0.972,0.0
39,16.366666666666667,0.0973,0.006509999999999999,0.0293,0.0447,1.03,0.057,0.0
143,69.66666666666666,0.0108,0.00432,0.0875,0.0339,0.523,0.792,0.0
173,65.66666666666666,0.0208,0.006229999999999999,0.0711,0.063,0.7290000000000001,0.6559999999999999,0.0
456,110.0,0.0682,0.00149,0.0897,0.0403,0.593,0.923,0.0
744,105.0,0.071,0.00958,0.042,0.0625,0.887,0.7140000000000001,0.0
10,119.0,0.025,0.00213,0.0777,0.0298,0.99,0.5539999999999999,0.394
588,115.33333333333331,0.0594,0.00785,0.0445,0.0748,1.47,0.64,0.0
68,54.33333333333332,0.09300000000000001,0.0050100000000000006,0.0413,0.0253,1.43,0.742,0.0
215,80.33333333333333,0.0556,0.00504,0.0755,0.0373,0.7240000000000001,0.804,0.0
365,39.66666666666666,0.025,0.00251,0.0486,0.0466,0.59,0.775,0.0
243,81.0,0.061,0.00273,0.0391,0.0648,1.04,0.804,0.0
691,76.66666666666666,0.0898,0.0044,0.0133,0.0273,1.02,0.66,0.0
328,39.33333333333333,0.0247,0.000459,0.00954,0.0738,0.8959999999999999,0.755,0.0
473,64.0,0.0702,0.00379,0.0557,0.078,0.608,0.053,0.0
2,16.633333333333333,0.0691,0.00989,0.042,0.0392,0.5379999999999999,0.07400000000000001,0.0
780,44.33333333333334,0.0766,0.000203,0.0591,0.0557,0.925,0.882,0.0
629,71.33333333333334,0.0572,0.0061600000000000005,0.0829,0.0399,0.967,0.7879999999999999,0.0
231,37.333333333333336,0.057999999999999996,0.000665,0.0694,0.0694,1.43,0.812,0.0
203,54.66666666666666,0.079,0.00602,0.0286,0.0592,1.39,0.648,0.0
475,34.0,0.0801,0.00854,0.00673,0.0389,0.616,0.64,0.0
449,55.99999999999999,0.0943,0.00109,0.0689,0.046,0.95,0.841,0.0
584,115.66666666666669,0.0162,0.00439,0.0369,0.0931,1.06,0.057,0.0
259,57.0,0.0331,0.00359,0.0612,0.0442,0.561,0.792,0.0
262,72.0,0.0832,0.00244,0.0139,0.049,1.31,0.7959999999999999,0.0
779,59.66666666666667,0.0484,0.00953,0.0302,0.0532,0.575,0.6729999999999999,0.0
375,106.66666666666669,0.0722,0.00964,0.015,0.028999999999999998,1.38,0.726,0.0
390,113.33333333333331,0.0134,0.0075200000000000015,0.0662,0.0764,1.26,0.098,0.0
250,55.99999999999999,0.0398,0.000599,0.0531,0.0382,0.872,0.8490000000000001,0.0
713,89.66666666666666,0.0777,0.00985,0.0368,0.0805,1.34,0.078,0.0
201,96.0,0.0585,0.0079,0.0167,0.0265,0.97,0.742,0.0
244,33.666666666666664,0.0619,0.000335,0.0278,0.0737,0.965,0.804,0.0
581,72.66666666666667,0.0243,0.0063100000000000005,0.0772,0.0603,1.36,0.726,0.0
338,74.33333333333333,0.053,0.00963,0.0873,0.032,1.19,0.759,0.0
71,64.33333333333333,0.0268,0.00307,0.0374,0.0305,1.37,0.7829999999999999,0.0
49,95.33333333333331,0.0922,0.00541,0.0955,0.059000000000000004,1.5,0.833,0.0
425,79.99999999999999,0.0154,0.00807,0.0434,0.0317,0.911,0.7509999999999999,0.0
211,81.0,0.0391,0.00299,0.0137,0.0938,0.6609999999999999,0.057,0.0
116,112.66666666666666,0.0655,0.0030800000000000003,0.0598,0.0555,0.72,0.8859999999999999,0.0
37,118.0,0.0634,0.0086,0.0493,0.0618,0.62,0.677,0.0
407,84.0,0.0823,0.006529999999999999,0.0022,0.0405,0.546,0.619,0.0
48,39.33333333333333,0.0408,0.0051600000000000005,0.0529,0.0457,0.618,0.73,0.0
636,32.4,0.0157,0.0017,0.0472,0.0348,1.48,0.767,0.0
320,104.33333333333331,0.08800000000000001,0.00088,0.0625,0.0463,1.49,0.931,0.0
295,53.33333333333334,0.08199999999999999,0.0077,0.0562,0.0515,0.962,0.705,0.0
242,99.66666666666669,0.0716,0.00821,0.035,0.0862,1.4,0.07,0.0
223,46.99999999999999,0.047,0.000195,0.0486,0.0502,0.635,0.8740000000000001,0.0
163,118.33333333333331,0.0265,0.00584,0.054000000000000006,0.0382,1.12,0.8079999999999999,0.0
76,68.33333333333333,0.0573,0.00533,0.0785,0.0693,1.36,0.08199999999999999,0.0
64,78.33333333333334,0.0318,0.0015,0.0306,0.0745,1.27,0.7340000000000001,0.0
626,84.33333333333331,0.0521,0.00908,0.0931,0.0584,1.25,0.718,0.0
52,81.66666666666666,0.0949,0.006679999999999999,0.0969,0.0637,1.37,0.759,0.0
493,38.33333333333333,0.0213,0.00662,0.0032700000000000003,0.0473,0.934,0.098,0.0
601,87.66666666666666,0.0367,0.006540000000000001,0.00294,0.0263,0.848,0.476,0.0
433,85.33333333333333,0.0779,0.00427,0.0197,0.0945,1.04,0.053,0.0
521,29.5,0.0478,0.00934,0.0331,0.0443,0.675,0.41,0.0
568,44.66666666666666,0.0773,0.0048,0.0241,0.0522,0.8190000000000001,0.6970000000000001,0.0
778,70.66666666666667,0.0544,0.000913,0.0647,0.0274,0.594,0.476,0.324
403,102.66666666666669,0.0198,0.00852,0.0944,0.0709,0.623,0.115,0.0
755,88.99999999999999,0.0979,0.00262,0.0123,0.0328,0.8340000000000001,0.7879999999999999,0.0
684,92.33333333333331,0.0969,0.0027,0.0975,0.0474,1.23,0.878,0.0
118,81.33333333333333,0.0214,0.0083,0.0424,0.0746,0.657,0.086,0.0
12,33.23333333333333,0.0669,0.00632,0.052000000000000005,0.0324,1.27,0.718,0.0
158,107.33333333333334,0.0444,0.006809999999999999,0.0694,0.0762,1.42,0.107,0.0
632,18.966666666666665,0.0877,0.00691,0.0991,0.0359,0.975,0.685,0.0
264,22.03333333333333,0.0913,0.00581,0.0716,0.0268,0.943,0.705,0.0
307,114.33333333333331,0.040999999999999995,0.00368,0.00698,0.0674,0.972,0.742,0.0
317,97.66666666666669,0.0957,0.008,0.0142,0.0852,0.852,0.09,0.0
359,109.0,0.0424,0.00217,0.0262,0.0458,1.48,0.853,0.0
97,107.0,0.0337,0.00373,0.0889,0.0748,0.53,0.763,0.0
542,38.66666666666666,0.0478,0.00381,0.0291,0.0622,1.46,0.066,0.0
634,79.0,0.0377,0.005520000000000001,0.0266,0.0842,1.04,0.062,0.0
182,85.33333333333333,0.0242,0.00104,0.0807,0.034,1.28,0.562,0.316
720,74.66666666666667,0.0202,0.00882,0.0342,0.0478,0.511,0.722,0.0
709,61.33333333333333,0.0193,0.00689,0.0143,0.025,0.7509999999999999,0.6890000000000001,0.0
402,83.33333333333333,0.0733,0.006940000000000001,0.0547,0.0433,0.633,0.779,0.0
536,113.66666666666666,0.0739,0.00998,0.0536,0.0765,1.23,0.127,0.0
339,27.0,0.0604,0.00375,0.0717,0.0545,1.05,0.053,0.0
613,76.33333333333333,0.043,0.00484,0.0449,0.0656,0.813,0.726,0.0
523,109.0,0.0412,0.00491,0.0353,0.0331,1.3,0.8,0.0
17,103.66666666666666,0.0856,0.00495,0.0136,0.0567,1.26,0.722,0.0
653,104.0,0.0287,0.00633,0.0933,0.0791,0.875,0.066,0.0
577,24.36666666666667,0.0427,0.0026,0.0441,0.0417,1.2,0.7340000000000001,0.0
534,106.33333333333331,0.098,0.00763,0.0313,0.0603,1.41,0.6890000000000001,0.0
356,37.00000000000001,0.0567,0.0019,0.0851,0.0423,1.2,0.804,0.0
313,30.53333333333333,0.0442,0.00236,0.0632,0.0349,1.01,0.759,0.0
723,62.33333333333334,0.0892,0.00635,0.0547,0.0628,1.22,0.6890000000000001,0.0
256,82.0,0.0802,0.00022,0.0522,0.0876,1.44,0.857,0.0
171,28.766666666666666,0.0482,0.00596,0.0687,0.0296,1.46,0.7140000000000001,0.0
188,110.0,0.0555,0.008870000000000001,0.0745,0.0345,0.512,0.787,0.0
770,95.0,0.0232,0.00255,0.0323,0.0822,1.4,0.086,0.0
205,83.00000000000001,0.0288,0.00843,0.0345,0.0677,0.959,0.115,0.0
45,106.0,0.0303,0.00433,0.0179,0.0835,1.08,0.103,0.0
609,106.33333333333331,0.0252,0.007409999999999998,0.051,0.0682,1.43,0.7140000000000001,0.0
62,57.66666666666666,0.016,0.00928,0.0634,0.0278,0.515,0.73,0.0
78,71.0,0.0405,0.00289,0.0956,0.0351,1.05,0.8240000000000001,0.0
355,46.66666666666666,0.0298,0.0033200000000000005,0.0576,0.0387,0.85,0.7709999999999999,0.0
444,65.66666666666666,0.0106,0.000228,0.0309,0.0683,1.39,0.947,0.0
650,18.700000000000006,0.0971,0.00185,0.0892,0.0313,0.957,0.742,0.0
141,61.66666666666666,0.0313,0.007890000000000001,0.0146,0.0538,1.3,0.632,0.0
199,98.66666666666666,0.0133,0.00265,0.0572,0.0354,1.02,0.8370000000000001,0.0
724,88.99999999999999,0.0636,0.0043,0.0616,0.0428,1.02,0.812,0.0
656,68.33333333333333,0.0121,0.00409,0.0367,0.0483,1.1,0.7709999999999999,0.0
128,87.0,0.0775,0.00658,0.0514,0.0633,0.6709999999999999,0.742,0.0
241,110.66666666666666,0.0707,0.00925,0.0628,0.0787,1.24,0.107,0.0
391,50.33333333333334,0.0905,0.00445,0.0418,0.0608,1.12,0.693,0.0
717,49.0,0.0859,0.00238,0.0888,0.0371,0.74,0.8079999999999999,0.0
145,97.66666666666669,0.0545,0.005679999999999999,0.0974,0.0475,1.06,0.816,0.0
279,85.33333333333333,0.0821,0.0047,0.0914,0.0425,0.57,0.8240000000000001,0.0
21,68.0,0.0121,0.00106,0.0368,0.0252,1.1,0.431,0.353
630,68.0,0.0548,0.00564,0.0675,0.04,0.879,0.7829999999999999,0.0
591,27.266666666666666,0.0838,0.00234,0.0031,0.0441,0.711,0.459,0.0
35,71.66666666666666,0.0407,0.0012,0.0589,0.0567,0.557,0.8859999999999999,0.0
497,105.33333333333334,0.0425,0.00811,0.0825,0.0803,1.38,0.057,0.0
160,65.33333333333333,0.0304,0.00323,0.0799,0.0385,1.26,0.8079999999999999,0.0
319,112.0,0.0154,0.00114,0.0629,0.0756,0.84,0.952,0.0
77,62.99999999999999,0.037000000000000005,0.00923,0.0108,0.0715,1.22,0.057,0.0
386,116.66666666666666,0.0387,0.00703,0.0757,0.0482,1.34,0.804,0.0
267,114.33333333333331,0.0175,0.00826,0.00236,0.051,0.742,0.258,0.0
783,61.66666666666666,0.034,0.00156,0.0857,0.0469,1.25,0.857,0.0
109,38.33333333333333,0.0511,0.00864,0.00459,0.0293,1.15,0.435,0.0
248,65.0,0.0844,0.00943,0.051,0.0681,0.634,0.094,0.0
420,55.33333333333333,0.0422,0.00487,0.0268,0.038,1.13,0.746,0.0
101,99.66666666666669,0.0395,0.00365,0.0156,0.0533,0.514,0.7959999999999999,0.0
368,60.66666666666666,0.0583,0.00547,0.0401,0.0482,1.46,0.6970000000000001,0.0
273,74.00000000000001,0.0391,0.000236,0.0333,0.0686,0.994,0.968,0.0
92,70.66666666666667,0.0615,0.00947,0.065,0.0286,1.49,0.7509999999999999,0.0
725,37.333333333333336,0.0741,0.00521,0.0248,0.0612,0.741,0.07400000000000001,0.0
674,51.33333333333334,0.0342,0.00558,0.0264,0.0497,0.573,0.7140000000000001,0.0
561,117.66666666666666,0.0805,0.00559,0.0528,0.0661,1.17,0.685,0.0
738,69.0,0.0628,0.00793,0.0475,0.0383,0.605,0.746,0.0
347,56.33333333333333,0.0882,0.0072,0.013999999999999999,0.0747,0.81,0.062,0.0
381,101.33333333333334,0.0646,0.00491,0.0961,0.0698,1.17,0.792,0.0
775,51.0,0.0183,0.008440000000000001,0.0202,0.0255,1.08,0.6970000000000001,0.0
268,88.66666666666669,0.0919,0.00544,0.0156,0.0893,0.7759999999999999,0.078,0.0
212,18.033333333333328,0.062,0.0014199999999999998,0.0415,0.0272,1.07,0.693,0.0
318,41.66666666666666,0.0286,0.00219,0.0491,0.0378,1.32,0.779,0.0
166,41.333333333333336,0.0319,0.0013,0.0174,0.0696,0.754,0.066,0.0
506,76.0,0.0633,0.0032,0.0605,0.0265,0.936,0.5660000000000001,0.25
189,28.96666666666667,0.0598,0.000104,0.0265,0.0463,0.877,0.254,0.525
346,69.33333333333334,0.0785,0.00829,0.07,0.0742,1.3,0.057,0.0
716,115.0,0.0833,0.00882,0.0637,0.0617,1.08,0.755,0.0
34,110.33333333333334,0.0631,0.00949,0.0311,0.0672,1.36,0.685,0.0
570,9.633333333333333,0.0516,0.00704,0.0707,0.0309,1.02,0.636,0.0
435,41.66666666666666,0.0892,0.005379999999999999,0.085,0.0302,0.674,0.759,0.0
784,97.33333333333331,0.0421,0.00348,0.0541,0.0726,1.08,0.6809999999999999,0.098
376,104.33333333333331,0.0396,0.00903,0.034,0.0435,0.738,0.755,0.0
496,21.66666666666667,0.08199999999999999,0.00498,0.0332,0.0402,1.45,0.6729999999999999,0.0
654,53.00000000000001,0.0604,0.00818,0.049,0.0301,1.41,0.726,0.0
156,111.0,0.0644,0.000541,0.0236,0.0258,0.8320000000000001,0.398,0.459
451,84.66666666666666,0.0687,0.0017,0.0243,0.0942,1.11,0.057,0.0
393,95.66666666666669,0.0457,0.00798,0.0905,0.0408,1.49,0.787,0.0
409,42.66666666666666,0.0313,0.00657,0.0828,0.0564,1.41,0.07400000000000001,0.0
335,26.7,0.016,0.00148,0.0771,0.0307,0.526,0.767,0.0
66,63.33333333333333,0.0964,0.000294,0.0508,0.0477,0.534,0.8740000000000001,0.0
302,48.66666666666666,0.0203,0.008190000000000001,0.0283,0.0257,1.45,0.705,0.0
454,117.0,0.0655,0.000475,0.0703,0.0779,1.25,0.997,0.0
162,49.66666666666666,0.0763,0.000434,0.0582,0.0864,1.29,0.759,0.0
486,108.33333333333331,0.0547,0.00545,0.00162,0.071,0.615,0.115,0.0
300,108.66666666666664,0.0481,0.00321,0.0753,0.0381,1.45,0.878,0.0
524,99.33333333333331,0.0799,0.00331,0.0394,0.0701,1.38,0.792,0.0
304,38.33333333333333,0.0731,0.00575,0.073,0.0547,1.39,0.664,0.0
540,75.0,0.0977,0.00387,0.0556,0.0344,0.92,0.804,0.0
404,107.66666666666666,0.0487,0.00907,0.0593,0.0629,1.25,0.722,0.0
332,72.0,0.0116,0.00745,0.00368,0.0254,1.25,0.439,0.0
501,35.0,0.0141,0.00442,0.0301,0.0438,1.17,0.71,0.0
230,58.66666666666666,0.0888,0.00255,0.0845,0.0687,1.42,0.8,0.0
726,39.0,0.0419,0.00136,0.00145,0.036000000000000004,1.15,0.369,0.0
658,116.33333333333334,0.0218,0.009000000000000001,0.0227,0.0942,1.18,0.057,0.0
491,64.33333333333333,0.03,0.00203,0.027999999999999997,0.0448,1.31,0.812,0.0
745,73.66666666666667,0.0401,0.00177,0.0929,0.037000000000000005,1.08,0.857,0.0
606,66.99999999999999,0.0853,0.007229999999999999,0.0312,0.0335,1.0,0.742,0.0
699,55.0,0.0759,0.0007059999999999999,0.0813,0.0668,1.23,0.8740000000000001,0.0
15,103.66666666666666,0.0427,0.00746,0.0595,0.048,1.27,0.7829999999999999,0.0
246,111.33333333333331,0.0357,0.00717,0.0247,0.055,0.607,0.755,0.0
303,107.33333333333334,0.0617,0.0078,0.0599,0.0638,1.11,0.746,0.0
6,61.33333333333333,0.0517,0.00421,0.0878,0.0445,1.3,0.804,0.0
334,17.0,0.0928,0.008159999999999999,0.0296,0.0292,0.8140000000000001,0.66,0.0
353,77.66666666666666,0.0309,0.00297,0.0624,0.0494,1.48,0.8290000000000001,0.0
104,16.06666666666667,0.0985,0.00611,0.019,0.0357,0.552,0.644,0.0
774,108.0,0.0621,0.00254,0.0853,0.0573,0.906,0.906,0.0
419,42.99999999999999,0.0355,0.00435,0.0559,0.0578,0.736,0.6729999999999999,0.0
697,71.66666666666666,0.064,0.00548,0.0132,0.0644,0.703,0.365,0.0
90,105.0,0.0553,0.00475,0.0768,0.0401,1.36,0.833,0.0
469,117.66666666666666,0.0325,0.0025,0.0925,0.0386,1.48,0.915,0.0
418,82.33333333333334,0.0772,0.004220000000000001,0.0699,0.0825,0.75,0.057,0.0
549,116.0,0.0133,0.00425,0.0939,0.0811,0.532,0.738,0.0
219,98.33333333333334,0.0302,0.00225,0.00286,0.0577,1.14,0.755,0.0
580,36.0,0.0544,0.004,0.0467,0.0503,1.19,0.669,0.0
311,67.33333333333333,0.037000000000000005,0.0088,0.0968,0.0517,0.56,0.722,0.0
206,82.66666666666667,0.0498,0.0073599999999999985,0.0935,0.075,1.28,0.057,0.0
405,94.0,0.0265,0.00168,0.0727,0.0287,1.02,0.5539999999999999,0.377
191,100.0,0.0831,0.0063,0.091,0.084,1.25,0.053,0.0
515,113.0,0.0326,0.00904,0.0461,0.03,1.49,0.767,0.0
676,73.33333333333333,0.0733,0.00676,0.0532,0.027000000000000003,1.38,0.767,0.0
195,92.66666666666666,0.0982,0.0054,0.0973,0.0514,0.723,0.8370000000000001,0.0
508,81.0,0.0241,0.00932,0.0835,0.0364,1.44,0.759,0.0
133,73.33333333333333,0.0529,0.00196,0.0088,0.0652,1.32,0.767,0.0
234,107.0,0.0472,0.00376,0.0782,0.04,0.6890000000000001,0.861,0.0
174,86.33333333333331,0.0972,0.00386,0.0518,0.0388,0.516,0.816,0.0
179,96.66666666666669,0.0914,0.0092,0.0619,0.0828,0.53,0.08199999999999999,0.0
761,88.99999999999999,0.0487,0.00735,0.0218,0.0574,1.27,0.71,0.0
612,78.66666666666666,0.099,0.004070000000000001,0.0295,0.0838,0.773,0.08199999999999999,0.0
207,62.33333333333334,0.0469,0.00147,0.0298,0.078,0.68,0.701,0.0
671,99.33333333333331,0.0441,0.00933,0.0478,0.047,0.562,0.763,0.0
96,32.03333333333333,0.0262,0.00358,0.0111,0.0536,0.6859999999999999,0.07400000000000001,0.0
675,72.66666666666667,0.0283,0.000558,0.0232,0.0462,0.69,0.87,0.0
345,91.0,0.0259,0.00424,0.0898,0.0337,1.07,0.82,0.0
460,112.33333333333331,0.0873,0.00983,0.00962,0.054000000000000006,0.578,0.6890000000000001,0.0
89,98.33333333333334,0.0446,0.00429,0.0498,0.0783,0.915,0.6559999999999999,0.0
464,79.33333333333333,0.0593,0.00115,0.0161,0.0297,1.15,0.4270000000000001,0.246
180,54.0,0.0529,0.00441,0.079,0.0268,0.989,0.775,0.0
0,43.66666666666667,0.0589,0.0017399999999999998,0.00112,0.0593,0.971,0.345,0.0
46,44.33333333333334,0.0539,0.00363,0.0569,0.0478,1.32,0.73,0.021
172,108.33333333333331,0.0942,0.0007480000000000001,0.0316,0.0777,1.32,1.005,0.0
627,15.9,0.0237,0.00134,0.0213,0.0281,1.04,0.611,0.0
730,58.99999999999999,0.0758,0.00275,0.0453,0.0363,1.47,0.804,0.0
107,78.33333333333334,0.0993,0.006790000000000001,0.064,0.0697,1.44,0.6729999999999999,0.0
134,113.0,0.0767,0.00665,0.0783,0.0353,0.643,0.8240000000000001,0.0
616,50.33333333333334,0.0295,0.00508,0.0516,0.0507,0.988,0.738,0.0
224,91.0,0.0925,0.00205,0.0183,0.0513,0.585,0.841,0.0
477,94.0,0.0859,0.00246,0.0432,0.0505,0.951,0.857,0.0
102,15.6,0.0988,0.0031100000000000004,0.0902,0.0422,0.898,0.685,0.0
548,108.33333333333331,0.0631,0.00598,0.0255,0.0321,0.521,0.787,0.0
108,97.33333333333331,0.0361,0.0033,0.0375,0.0521,0.705,0.8240000000000001,0.0
214,95.0,0.0625,0.00124,0.0915,0.0957,1.42,0.73,0.0
513,8.7,0.0874,0.0075,0.0836,0.0315,0.748,0.623,0.0
417,53.33333333333334,0.0981,0.00953,0.0578,0.0437,0.755,0.7140000000000001,0.0
247,110.0,0.0292,0.00198,0.0976,0.0374,1.47,0.915,0.0
502,72.33333333333333,0.0872,0.000484,0.0454,0.0622,0.609,0.923,0.0
437,114.0,0.076,0.004370000000000001,0.0618,0.0804,1.13,0.767,0.0
125,116.33333333333334,0.07,0.00977,0.0215,0.0881,0.545,0.098,0.0
476,97.0,0.0774,0.00896,0.0896,0.0483,1.39,0.7509999999999999,0.0
749,104.0,0.0936,0.0016,0.0249,0.0582,1.11,0.8859999999999999,0.0
429,113.0,0.0296,0.00384,0.00904,0.0986,0.653,0.066,0.0
777,14.400000000000002,0.0123,0.00835,0.0887,0.0275,0.953,0.669,0.0
225,49.99999999999999,0.0772,0.00831,0.0627,0.0577,0.642,0.644,0.0
26,15.333333333333332,0.0525,0.00836,0.0351,0.0343,0.631,0.632,0.0
495,113.33333333333331,0.0841,0.00315,0.0934,0.0887,1.23,0.738,0.0
484,46.99999999999999,0.0505,0.00845,0.0546,0.0276,0.907,0.722,0.0
551,71.0,0.0506,0.00636,0.007390000000000002,0.0527,1.27,0.669,0.0
396,17.833333333333336,0.0871,0.00604,0.0671,0.0424,0.535,0.636,0.0
3,38.0,0.0762,0.006940000000000001,0.0524,0.0263,1.31,0.718,0.0
135,106.66666666666669,0.0136,0.00319,0.0458,0.0692,0.789,0.755,0.0
326,83.33333333333333,0.0372,0.00591,0.092,0.0587,0.777,0.742,0.0
507,63.66666666666666,0.01,0.00703,0.0696,0.0519,0.519,0.7340000000000001,0.0
187,79.99999999999999,0.081,0.0075400000000000016,0.0832,0.0347,1.41,0.779,0.0
600,49.99999999999999,0.0244,0.007790000000000002,0.007809999999999998,0.0375,1.31,0.669,0.0
296,58.0,0.0819,0.0084,0.0497,0.0647,1.37,0.09,0.0
659,95.33333333333331,0.0718,0.00747,0.0176,0.0261,0.77,0.755,0.0
622,78.0,0.0784,0.00189,0.0186,0.0888,0.624,0.07400000000000001,0.0
620,93.66666666666666,0.0849,0.00387,0.0515,0.0774,0.715,0.7709999999999999,0.0
708,84.33333333333331,0.0629,0.008740000000000001,0.0908,0.0292,1.31,0.7709999999999999,0.0
226,49.33333333333333,0.057999999999999996,0.00857,0.0679,0.0541,1.27,0.669,0.0
645,81.66666666666666,0.092,0.00966,0.0981,0.0651,0.648,0.693,0.0
331,77.33333333333333,0.0416,0.0021100000000000003,0.0324,0.079,0.7090000000000001,0.718,0.0
727,27.83333333333333,0.0903,0.00278,0.00451,0.0485,1.37,0.4920000000000001,0.0
333,100.66666666666669,0.0589,0.00675,0.0737,0.0583,0.928,0.6970000000000001,0.0
764,84.66666666666666,0.0208,0.00978,0.0334,0.0421,0.69,0.73,0.0
605,40.333333333333336,0.0496,0.00944,0.0104,0.0616,0.6459999999999999,0.053,0.0
533,112.33333333333331,0.0734,0.00128,0.0564,0.0388,1.35,0.5579999999999999,0.34
750,42.33333333333333,0.078,0.00346,0.0586,0.055999999999999994,0.5660000000000001,0.742,0.0
63,52.0,0.0514,0.008020000000000001,0.0373,0.0278,1.5,0.718,0.0
528,100.66666666666669,0.0452,0.00388,0.0817,0.0705,0.525,0.7140000000000001,0.0
619,102.33333333333331,0.0251,0.00361,0.0165,0.0872,0.774,0.09,0.0
361,93.33333333333331,0.0343,0.00105,0.03,0.0885,0.687,0.722,0.131
408,71.0,0.0491,0.00097,0.037000000000000005,0.0615,0.785,0.898,0.0
592,117.0,0.0565,0.00571,0.0821,0.0528,1.26,0.8240000000000001,0.0
112,106.33333333333331,0.0479,0.00812,0.0614,0.0332,1.06,0.7829999999999999,0.0
481,40.66666666666666,0.076,0.00837,0.0668,0.0435,0.8740000000000001,0.71,0.0
692,106.0,0.0334,0.000805,0.008879999999999999,0.069,1.16,0.898,0.0
20,117.0,0.0743,0.00127,0.0994,0.0461,1.1,0.947,0.0
65,47.33333333333333,0.0574,0.00809,0.0877,0.0539,0.858,0.677,0.0
299,71.33333333333334,0.0554,0.007940000000000001,0.0397,0.0498,0.625,0.73,0.0
127,119.33333333333334,0.0818,0.00514,0.0604,0.0628,0.782,0.816,0.0
260,53.00000000000001,0.0445,0.00765,0.0712,0.0522,0.7809999999999999,0.7140000000000001,0.0
638,16.733333333333334,0.0919,0.0082,0.0657,0.0298,0.51,0.6729999999999999,0.0
700,20.566666666666666,0.0635,0.00162,0.0509,0.0471,0.955,0.701,0.0
413,98.33333333333334,0.0547,0.00734,0.0307,0.0624,0.503,0.726,0.0
734,115.33333333333331,0.0304,0.00847,0.0925,0.0452,1.49,0.8,0.0
340,62.33333333333334,0.0126,0.00941,0.00583,0.0427,1.5,0.648,0.0
385,91.66666666666669,0.0412,0.00141,0.00129,0.0739,0.5670000000000001,0.669,0.0
660,60.33333333333334,0.0399,0.00461,0.0506,0.0565,1.48,0.66,0.0
138,69.0,0.0725,0.006670000000000001,0.0985,0.0423,0.818,0.7879999999999999,0.0
105,24.300000000000004,0.0397,0.00619,0.0421,0.053,0.727,0.053,0.0
7,26.43333333333333,0.064,0.00583,0.0331,0.0496,0.993,0.078,0.0
343,110.66666666666666,0.0757,0.00909,0.0928,0.0777,0.51,0.644,0.0
721,107.33333333333334,0.038,0.00917,0.0384,0.0383,1.25,0.763,0.0
310,48.33333333333334,0.0388,0.0008880000000000002,0.00987,0.027999999999999997,1.05,0.5579999999999999,0.0
655,111.33333333333331,0.0789,0.00197,0.0544,0.0675,0.75,0.923,0.0
545,71.33333333333334,0.0686,0.00599,0.00921,0.0582,1.32,0.652,0.0
186,113.66666666666666,0.018000000000000002,0.00182,0.0966,0.064,0.527,0.927,0.0
535,26.9,0.0502,0.00221,0.0543,0.0526,0.94,0.73,0.0
354,70.33333333333333,0.0584,0.00689,0.0459,0.0358,0.8,0.759,0.0
483,42.33333333333333,0.0832,0.00515,0.0827,0.0501,1.31,0.685,0.0
154,86.66666666666669,0.027000000000000003,0.00269,0.0272,0.065,1.06,0.742,0.0
54,118.0,0.0908,0.00153,0.0114,0.0658,0.695,0.8859999999999999,0.0
30,112.0,0.0665,0.00659,0.0443,0.0669,1.49,0.746,0.0
747,68.66666666666666,0.0643,0.00305,0.0456,0.0285,0.752,0.804,0.0
701,10.466666666666663,0.0755,0.000508,0.0655,0.043,0.941,0.7340000000000001,0.0
100,62.66666666666666,0.0895,0.00625,0.0936,0.0533,1.46,0.701,0.0
520,119.33333333333334,0.0956,0.0025800000000000003,0.0325,0.0719,0.99,0.841,0.0
649,63.66666666666666,0.0373,0.00114,0.0281,0.0291,0.856,0.476,0.238
743,25.5,0.0986,0.00292,0.0061600000000000005,0.0467,0.518,0.66,0.0
238,55.33333333333333,0.0894,0.00627,0.0873,0.0472,0.912,0.763,0.0
683,46.0,0.07,0.00279,0.0233,0.05,1.34,0.722,0.0
56,117.33333333333331,0.0708,0.0006320000000000001,0.059000000000000004,0.0892,0.815,0.861,0.07
401,22.96666666666667,0.0345,0.00755,0.0855,0.040999999999999995,0.885,0.664,0.0
60,39.66666666666666,0.0627,0.00334,0.0336,0.0398,1.4,0.7509999999999999,0.0
518,103.0,0.0528,0.0008710000000000001,0.00913,0.031,0.853,0.418,0.275
263,92.33333333333331,0.0381,0.0057,0.0866,0.0376,1.16,0.804,0.0
455,92.0,0.012,0.000698,0.0715,0.0654,0.775,0.952,0.0
265,67.33333333333333,0.0284,0.000946,0.0679,0.0775,0.621,0.816,0.0
731,106.0,0.0535,0.000409,0.0217,0.0477,0.606,0.562,0.336
480,74.33333333333333,0.0616,0.0058200000000000005,0.0322,0.057,1.07,0.664,0.0
209,82.66666666666667,0.0802,0.00772,0.0971,0.0413,1.34,0.7879999999999999,0.0
392,60.33333333333334,0.0736,0.004529999999999999,0.0794,0.0318,0.529,0.7879999999999999,0.0
499,77.0,0.052000000000000005,0.00628,0.0194,0.0721,1.06,0.098,0.0
470,42.33333333333333,0.0196,0.000253,0.0252,0.0757,0.762,0.861,0.0
168,99.0,0.0145,0.00472,0.0239,0.0841,1.01,0.086,0.0
38,73.33333333333333,0.0875,0.001,0.0708,0.0936,0.769,0.669,0.0
494,111.0,0.0533,0.00418,0.0484,0.0868,1.41,0.078,0.0
678,98.0,0.0937,0.000112,0.0999,0.0663,0.652,0.111,0.8370000000000001
644,52.0,0.0967,0.0059700000000000005,0.0539,0.0658,0.6759999999999999,0.086,0.0
301,94.33333333333331,0.0661,0.0073,0.0957,0.0765,0.635,0.09,0.0
522,72.66666666666667,0.07200000000000001,0.00199,0.0833,0.0295,1.09,0.562,0.267
537,30.73333333333333,0.0947,0.00656,0.0396,0.0384,1.1,0.6970000000000001,0.0
668,106.66666666666669,0.0324,0.000995,0.00748,0.045,0.98,0.853,0.0
164,103.66666666666666,0.0634,0.000385,0.0402,0.0725,0.625,0.993,0.0
124,95.33333333333331,0.0748,0.00161,0.0411,0.0418,0.5710000000000001,0.878,0.0
155,23.9,0.0118,0.008159999999999999,0.0744,0.0453,0.517,0.07,0.0
337,106.66666666666669,0.0967,0.007659999999999998,0.0584,0.075,1.26,0.685,0.0
59,84.99999999999999,0.0495,0.00528,0.0026100000000000003,0.0284,0.57,0.496,0.0
646,76.33333333333333,0.0436,0.00457,0.0755,0.0591,1.27,0.7959999999999999,0.0
305,74.66666666666667,0.0864,0.0005,0.0474,0.0844,1.45,0.988,0.0
735,90.33333333333331,0.0526,0.00243,0.0194,0.0785,0.97,0.7340000000000001,0.0
617,82.33333333333334,0.0953,0.00288,0.0746,0.0773,0.804,0.8,0.0
344,112.66666666666666,0.0583,0.008759999999999999,0.0764,0.0312,0.7709999999999999,0.7959999999999999,0.0
462,101.0,0.0958,0.00938,0.0148,0.0906,0.7340000000000001,0.078,0.0
453,55.99999999999999,0.0648,0.00554,0.0362,0.0434,0.65,0.742,0.0
312,112.33333333333331,0.0235,0.00639,0.0583,0.084,1.35,0.062,0.0
428,112.33333333333331,0.0165,0.00156,0.0901,0.044000000000000004,1.5,0.931,0.0
498,120.0,0.0675,0.00716,0.0213,0.0595,0.688,0.705,0.0
467,109.0,0.0358,0.00946,0.0412,0.08,1.18,0.094,0.0
159,85.66666666666666,0.0135,0.000154,0.0553,0.0877,0.86,1.05,0.0
51,59.33333333333333,0.0961,0.00335,0.0709,0.0599,0.539,0.722,0.0
565,101.66666666666666,0.0138,0.00143,0.0725,0.0334,0.888,0.89,0.0
703,29.133333333333336,0.0955,0.00155,0.0816,0.0546,1.5,0.7959999999999999,0.0
529,107.66666666666666,0.0952,0.00695,0.0485,0.0267,1.36,0.8,0.0
362,46.99999999999999,0.0673,0.00133,0.0214,0.0754,0.713,0.066,0.0
479,27.46666666666667,0.0928,0.000442,0.0731,0.0385,1.14,0.8,0.0
741,88.0,0.0698,0.000286,0.0452,0.0569,0.987,0.935,0.0
220,65.33333333333333,0.0473,0.00646,0.0341,0.0602,1.42,0.6729999999999999,0.0
526,91.33333333333334,0.0799,0.00359,0.0465,0.0806,0.726,0.6890000000000001,0.0
309,96.33333333333334,0.0582,0.00277,0.0997,0.0817,0.6,0.8370000000000001,0.0
74,14.2,0.0776,0.003820000000000001,0.0963,0.0315,1.38,0.705,0.0
283,36.0,0.0816,0.000566,0.0816,0.0505,0.95,0.841,0.0
576,10.3,0.0679,0.00534,0.07400000000000001,0.0348,0.96,0.632,0.0
349,25.4,0.0652,0.00783,0.0953,0.0303,0.764,0.705,0.0
531,93.33333333333331,0.0233,0.00642,0.0162,0.0283,0.5820000000000001,0.759,0.0
4,75.66666666666666,0.0219,0.00151,0.0684,0.0508,1.29,0.878,0.0
785,79.0,0.0429,0.0083,0.0558,0.0683,1.03,0.103,0.0
438,54.33333333333332,0.0689,0.00555,0.0135,0.0565,1.24,0.644,0.0
465,112.0,0.0431,0.00648,0.0692,0.0415,1.11,0.8079999999999999,0.0
607,30.16666666666667,0.0909,0.0081,0.0682,0.0299,0.6659999999999999,0.71,0.0
538,90.0,0.0937,0.000929,0.0943,0.0952,0.897,0.89,0.0
693,74.00000000000001,0.0538,0.00107,0.0934,0.0586,1.29,0.915,0.0
5,99.66666666666669,0.0814,0.00356,0.0259,0.0798,0.71,0.705,0.0
142,116.66666666666666,0.0348,0.000962,0.0761,0.0343,1.45,0.504,0.349
573,78.66666666666666,0.0979,0.00869,0.0164,0.0693,0.535,0.115,0.0
458,28.03333333333333,0.0944,0.00417,0.00566,0.0432,0.966,0.595,0.0
136,21.4,0.0699,0.00865,0.0283,0.039,1.33,0.628,0.0
690,81.33333333333333,0.0144,0.00678,0.087,0.0702,0.862,0.078,0.0
379,55.33333333333333,0.0369,0.008409999999999999,0.083,0.0255,1.11,0.742,0.0
704,108.33333333333331,0.0376,0.00055,0.0345,0.0994,0.513,0.984,0.0
22,42.0,0.0347,0.000376,0.0883,0.0635,1.46,0.87,0.0
711,21.96666666666667,0.0682,0.00593,0.0115,0.0362,0.581,0.6559999999999999,0.0
468,86.66666666666669,0.0169,0.005529999999999999,0.0984,0.0305,1.39,0.8,0.0
277,118.33333333333331,0.0496,0.0092,0.068,0.0272,0.59,0.8,0.0
285,71.0,0.0595,0.00728,0.0906,0.0491,1.37,0.7140000000000001,0.0
472,45.0,0.039,0.00494,0.0411,0.0307,0.8759999999999999,0.738,0.0
271,88.33333333333331,0.0194,0.00406,0.0399,0.0627,1.33,0.705,0.0
427,84.33333333333331,0.0817,0.0008380000000000001,0.0637,0.0912,1.42,0.923,0.0
751,53.33333333333334,0.094,0.000187,0.0577,0.0467,0.506,0.57,0.28300000000000003
282,58.33333333333333,0.0649,0.00901,0.026000000000000002,0.0594,0.949,0.115,0.0
421,24.666666666666664,0.0253,0.0069900000000000006,0.0321,0.0487,0.903,0.066,0.0
221,29.699999999999992,0.0645,0.00489,0.0919,0.0487,0.737,0.701,0.0
782,66.99999999999999,0.0325,0.00333,0.0949,0.0397,1.16,0.82,0.0
321,111.33333333333331,0.0742,0.00469,0.0592,0.0488,1.33,0.833,0.0
440,80.33333333333333,0.0883,0.0007559999999999999,0.00863,0.0451,0.929,0.804,0.0
373,83.66666666666666,0.09699999999999999,0.00439,0.011000000000000001,0.0326,1.13,0.726,0.0
120,109.0,0.0474,0.00962,0.0487,0.0687,1.02,0.693,0.0
81,110.66666666666666,0.0603,0.0034,0.0223,0.0455,0.659,0.82,0.0
771,30.83333333333333,0.0289,0.008329999999999999,0.0717,0.0403,0.815,0.6890000000000001,0.0
13,76.33333333333333,0.0343,0.00906,0.0231,0.0559,0.5870000000000001,0.6809999999999999,0.0
505,55.66666666666666,0.0749,0.00877,0.0147,0.0768,0.626,0.053,0.0
457,68.0,0.0998,0.00922,0.0315,0.0717,1.2,0.09,0.0
762,101.0,0.0913,0.0043,0.0453,0.0356,0.536,0.8240000000000001,0.0
753,101.66666666666666,0.0504,0.00476,0.0193,0.0485,1.25,0.779,0.0
161,119.66666666666666,0.0329,0.00808,0.09699999999999999,0.061,0.805,0.71,0.0
767,103.66666666666666,0.0292,0.00981,0.0199,0.046,0.755,0.726,0.0
239,53.00000000000001,0.022000000000000002,0.006490000000000001,0.027000000000000003,0.0725,0.565,0.062,0.0
380,53.33333333333334,0.0868,0.00215,0.0964,0.0744,1.43,0.685,0.0
525,50.66666666666667,0.0608,0.00232,0.0563,0.0373,1.33,0.804,0.0
553,18.3,0.08900000000000001,0.00426,0.0422,0.049,0.8420000000000001,0.057,0.0
441,108.0,0.0524,0.00397,0.0503,0.0668,0.715,0.73,0.0
560,53.00000000000001,0.0155,0.00628,0.0387,0.0361,0.504,0.7340000000000001,0.0
587,118.66666666666666,0.0745,0.00248,0.0566,0.073,1.24,0.7709999999999999,0.0
196,114.33333333333331,0.048,0.00563,0.0246,0.0897,1.13,0.086,0.0
192,8.5,0.0896,0.00505,0.0784,0.0327,1.32,0.636,0.0
165,102.0,0.013000000000000001,0.00942,0.0206,0.057999999999999996,1.49,0.6890000000000001,0.0
106,116.0,0.0901,0.00122,0.0036,0.0259,1.16,0.615,0.0
16,88.66666666666669,0.0685,0.00367,0.0633,0.0257,1.22,0.5539999999999999,0.271
557,94.0,0.0476,0.00577,0.0267,0.0341,1.19,0.767,0.0
330,43.33333333333334,0.0258,0.00236,0.076,0.0554,1.29,0.7509999999999999,0.0
482,69.66666666666666,0.0982,0.00266,0.0788,0.0457,0.8240000000000001,0.8370000000000001,0.0
500,70.0,0.0349,0.00249,0.0217,0.0525,1.23,0.8,0.0
686,68.66666666666666,0.0217,0.00152,0.00607,0.0335,1.16,0.615,0.0
406,51.33333333333334,0.0109,0.006659999999999999,0.0304,0.0479,0.644,0.705,0.0
586,116.66666666666666,0.0868,0.00921,0.031,0.0851,1.33,0.103,0.0
93,102.33333333333331,0.0458,0.0020800000000000003,0.0124,0.0601,0.679,0.8370000000000001,0.0
434,57.66666666666666,0.063,0.00191,0.0191,0.032,0.86,0.779,0.0
83,64.33333333333333,0.0247,0.00773,0.0211,0.0553,1.3,0.652,0.0
665,109.66666666666669,0.0806,0.000426,0.0294,0.0828,0.935,1.038,0.0
694,57.66666666666666,0.026000000000000002,0.00743,0.0684,0.0525,0.8370000000000001,0.718,0.0
415,117.66666666666666,0.0454,0.0028,0.0618,0.0685,1.27,0.853,0.0
574,85.66666666666666,0.0628,0.0040100000000000005,0.0232,0.0885,1.48,0.057,0.0
572,32.96666666666667,0.0988,0.00256,0.0258,0.0605,1.18,0.123,0.086
718,87.33333333333334,0.0705,0.00479,0.0123,0.0879,0.961,0.07,0.0
323,59.33333333333333,0.0442,0.000211,0.0152,0.0724,0.735,0.931,0.0
358,44.66666666666666,0.0312,0.0016300000000000002,0.0638,0.0449,0.89,0.82,0.0
69,92.66666666666666,0.0561,0.00193,0.0517,0.0803,0.915,0.8740000000000001,0.0
516,80.33333333333333,0.0414,0.00957,0.0040100000000000005,0.035,0.875,0.66,0.0
511,72.99999999999999,0.0611,0.00144,0.0924,0.0459,1.43,0.882,0.0
341,76.0,0.0308,0.00868,0.0131,0.0523,1.18,0.677,0.0
222,88.66666666666669,0.0945,0.00313,0.0732,0.0773,1.29,0.804,0.0
732,100.0,0.0869,0.005370000000000001,0.0451,0.0377,1.01,0.8,0.0
147,36.0,0.0877,0.00902,0.0181,0.0367,1.37,0.669,0.0
290,119.33333333333334,0.0397,0.00458,0.0507,0.0355,0.995,0.833,0.0
29,49.99999999999999,0.0523,0.00663,0.0273,0.0447,0.669,0.71,0.0
114,24.46666666666667,0.0992,0.00542,0.0743,0.0293,0.8640000000000001,0.718,0.0
510,102.0,0.0537,0.0064,0.0219,0.0422,1.05,0.763,0.0
635,100.0,0.0385,0.00918,0.0661,0.0287,0.998,0.775,0.0
763,105.33333333333334,0.0927,0.00343,0.063,0.092,0.638,0.062,0.0
177,48.33333333333334,0.0965,0.0073700000000000015,0.0588,0.0288,0.52,0.738,0.0
169,97.33333333333331,0.0811,0.00481,0.0505,0.0262,0.665,0.841,0.0
348,18.500000000000004,0.019,0.00419,0.024,0.0368,1.03,0.677,0.0
377,90.0,0.013999999999999999,0.00293,0.0916,0.0736,1.06,0.6970000000000001,0.0
597,13.833333333333332,0.05,0.00732,0.028999999999999998,0.0308,1.15,0.648,0.0
687,77.66666666666666,0.0246,0.00425,0.0576,0.0778,0.933,0.057,0.0
672,119.66666666666666,0.0494,0.00184,0.062,0.0578,0.8809999999999999,0.927,0.0
776,18.6,0.0791,0.00414,0.0263,0.031,1.01,0.693,0.0
190,119.66666666666666,0.0335,0.000583,0.057999999999999996,0.0741,0.87,1.013,0.0
137,60.66666666666666,0.0502,0.00298,0.0279,0.0805,1.03,0.053,0.0
448,15.966666666666665,0.0804,0.00383,0.00624,0.038,1.11,0.435,0.0
662,84.0,0.0112,0.00231,0.0686,0.0448,0.893,0.845,0.0
255,68.33333333333333,0.057,0.00578,0.0521,0.0638,0.544,0.71,0.0
695,117.33333333333331,0.0983,0.00444,0.0937,0.0282,1.05,0.5579999999999999,0.29100000000000004
291,103.0,0.0105,0.00939,0.0861,0.0495,1.28,0.767,0.0
740,65.66666666666666,0.0863,0.0075299999999999985,0.0212,0.0465,1.1,0.71,0.0
667,20.83333333333333,0.0664,0.0007639999999999999,0.0137,0.0337,0.985,0.595,0.0
233,65.0,0.0543,0.00186,0.0154,0.0808,0.7829999999999999,0.078,0.0
33,91.0,0.094,0.00227,0.0759,0.0345,1.28,0.865,0.0
88,24.83333333333333,0.0174,0.00399,0.0114,0.0262,0.747,0.525,0.0
44,83.00000000000001,0.0167,0.00851,0.0995,0.0379,0.851,0.7709999999999999,0.0
342,104.66666666666666,0.0783,0.00116,0.0387,0.0915,0.7440000000000001,0.939,0.0
61,107.66666666666666,0.0727,0.00913,0.0962,0.0639,1.47,0.7509999999999999,0.0
752,52.0,0.0651,0.00188,0.0739,0.055999999999999994,1.47,0.8240000000000001,0.0
200,49.0,0.0193,0.00894,0.0363,0.0481,1.44,0.669,0.0
430,88.0,0.0222,0.0008470000000000001,0.0656,0.0732,0.908,0.956,0.0
589,37.00000000000001,0.0546,0.000343,0.0948,0.0653,1.22,0.7829999999999999,0.025
395,75.66666666666666,0.0752,0.00937,0.0869,0.033,1.14,0.763,0.0
298,31.766666666666666,0.0793,0.00017,0.0203,0.0649,1.01,0.878,0.0
73,109.33333333333331,0.0225,0.00778,0.0397,0.0258,1.34,0.775,0.0
394,82.0,0.0191,0.00722,0.047,0.0657,1.17,0.119,0.0
550,113.66666666666666,0.0163,0.00434,0.0356,0.0798,0.76,0.115,0.0
583,58.66666666666666,0.0787,0.00228,0.0299,0.0456,1.02,0.8079999999999999,0.0
544,94.66666666666666,0.0301,0.00272,0.0884,0.0537,1.19,0.878,0.0
673,98.33333333333334,0.0817,0.00784,0.0436,0.0476,0.542,0.7709999999999999,0.0
657,28.566666666666666,0.023,0.00782,0.0703,0.0314,0.981,0.701,0.0
754,72.33333333333333,0.0613,0.00872,0.0555,0.067,0.767,0.103,0.0
218,92.33333333333331,0.0879,0.0074,0.0138,0.0333,1.24,0.7340000000000001,0.0
541,93.0,0.0526,0.00485,0.0378,0.0728,1.06,0.71,0.0
652,28.5,0.0784,0.000814,0.00319,0.0256,1.4,0.39,0.0
422,98.66666666666666,0.0763,0.00283,0.0575,0.0847,0.866,0.763,0.0
139,116.0,0.0815,0.00867,0.0854,0.0405,1.4,0.792,0.0
213,87.33333333333334,0.0385,0.0016600000000000002,0.0188,0.054000000000000006,0.79,0.845,0.0
705,104.66666666666666,0.0209,0.0021,0.0728,0.0866,0.7,0.8079999999999999,0.0
661,55.0,0.0373,0.0059,0.0983,0.0623,0.733,0.201,0.115
682,64.66666666666667,0.0747,0.00355,0.025,0.0733,1.12,0.09,0.0
722,69.66666666666666,0.0465,0.00194,0.0381,0.0749,0.8220000000000001,0.7879999999999999,0.0
235,58.99999999999999,0.0371,0.00992,0.0122,0.0643,0.649,0.09,0.0
67,88.0,0.0437,0.006790000000000001,0.0519,0.0306,1.24,0.775,0.0
24,86.33333333333331,0.0999,0.000863,0.0245,0.0978,1.04,0.664,0.0
382,86.33333333333331,0.0552,0.0016600000000000002,0.0327,0.0352,0.73,0.845,0.0
217,115.33333333333331,0.0807,0.000921,0.00154,0.08900000000000001,0.619,0.8,0.0
130,96.0,0.0973,0.0035,0.0962,0.0691,0.992,0.742,0.0
350,56.33333333333333,0.0143,0.0034200000000000003,0.0477,0.0612,1.07,0.738,0.0
111,90.33333333333331,0.0142,0.00924,0.00847,0.026000000000000002,1.45,0.5870000000000001,0.0
167,47.66666666666666,0.0846,0.000731,0.0317,0.0527,0.705,0.845,0.0
208,9.533333333333337,0.1,0.000822,0.0748,0.0438,1.07,0.6729999999999999,0.0
439,51.0,0.0235,0.0037,0.0401,0.0409,1.03,0.763,0.0
556,53.66666666666667,0.02,0.00952,0.0617,0.0319,1.16,0.722,0.0
275,27.366666666666664,0.0253,0.00351,0.0326,0.0495,0.8590000000000001,0.6559999999999999,0.0
669,105.33333333333334,0.0457,0.00481,0.094,0.0417,0.753,0.8490000000000001,0.0
595,38.33333333333333,0.0887,0.00529,0.0524,0.0646,0.6579999999999999,0.057,0.0
628,32.300000000000004,0.067,0.00064,0.0398,0.0635,1.22,0.8370000000000001,0.0
527,116.66666666666666,0.0153,0.00665,0.0257,0.0953,0.74,0.066,0.0
288,54.0,0.0751,0.00587,0.0204,0.076,0.8859999999999999,0.062,0.0
471,79.66666666666667,0.0299,0.00284,0.0321,0.0634,1.24,0.792,0.0
327,108.66666666666664,0.0871,0.00609,0.0348,0.039,1.23,0.787,0.0
121,103.33333333333331,0.0814,0.00335,0.0721,0.0391,0.845,0.861,0.0
509,66.33333333333334,0.0327,0.0049700000000000005,0.0364,0.0579,1.38,0.677,0.0
229,102.33333333333331,0.0451,0.00496,0.0414,0.0545,1.5,0.755,0.0
599,49.0,0.036000000000000004,0.00157,0.0747,0.068,1.12,0.82,0.0
447,105.0,0.0282,0.00298,0.0881,0.0597,0.759,0.882,0.0
117,58.66666666666666,0.0527,0.00811,0.00838,0.0329,1.45,0.632,0.0
466,114.33333333333331,0.0717,0.008709999999999999,0.08,0.027000000000000003,0.901,0.804,0.0
25,69.33333333333334,0.0166,0.00842,0.0504,0.0632,0.598,0.111,0.0
110,28.2,0.015,0.00285,0.0643,0.0512,0.7120000000000001,0.71,0.0
150,96.33333333333334,0.059000000000000004,0.0094,0.0129,0.027999999999999997,0.826,0.726,0.0
153,77.0,0.0808,0.00103,0.0447,0.0753,1.07,0.8,0.0
530,81.0,0.0417,0.00717,0.0631,0.0605,1.35,0.718,0.0
